-- phpMyAdmin SQL Dump
-- version 5.2.1
-- https://www.phpmyadmin.net/
--
-- Hôte : 127.0.0.1
-- Généré le : dim. 08 fév. 2026 à 12:35
-- Version du serveur : 10.4.32-MariaDB
-- Version de PHP : 8.2.12

SET SQL_MODE = "NO_AUTO_VALUE_ON_ZERO";
START TRANSACTION;
SET time_zone = "+00:00";


/*!40101 SET @OLD_CHARACTER_SET_CLIENT=@@CHARACTER_SET_CLIENT */;
/*!40101 SET @OLD_CHARACTER_SET_RESULTS=@@CHARACTER_SET_RESULTS */;
/*!40101 SET @OLD_COLLATION_CONNECTION=@@COLLATION_CONNECTION */;
/*!40101 SET NAMES utf8mb4 */;

--
-- Base de données : `toeic_app`
--

-- --------------------------------------------------------

--
-- Structure de la table `alembic_version`
--

CREATE TABLE `alembic_version` (
  `version_num` varchar(32) NOT NULL
) ENGINE=InnoDB DEFAULT CHARSET=utf8mb4 COLLATE=utf8mb4_general_ci;

--
-- Déchargement des données de la table `alembic_version`
--

INSERT INTO `alembic_version` (`version_num`) VALUES
('ba056f0a11fd');

-- --------------------------------------------------------

--
-- Structure de la table `etudiant`
--

CREATE TABLE `etudiant` (
  `id` int(11) NOT NULL,
  `nom` varchar(100) NOT NULL,
  `prenom` varchar(100) NOT NULL,
  `promotion_id` int(11) NOT NULL,
  `groupe_id` int(11) NOT NULL,
  `site_id` int(11) NOT NULL,
  `semestre_id` int(11) NOT NULL,
  `specialite` varchar(100) NOT NULL
) ENGINE=InnoDB DEFAULT CHARSET=utf8mb4 COLLATE=utf8mb4_general_ci;

--
-- Déchargement des données de la table `etudiant`
--

INSERT INTO `etudiant` (`id`, `nom`, `prenom`, `promotion_id`, `groupe_id`, `site_id`, `semestre_id`, `specialite`) VALUES
(6, 'ABAAQIL', 'Mouad', 4, 6, 1, 7, 'Informatique'),
(7, 'BANCO', 'Kelian', 4, 6, 1, 7, 'Informatique'),
(8, 'BEN CHAABENE', 'Nourhene', 4, 6, 1, 7, 'Informatique'),
(9, 'BERGHOL', 'Sabrin', 4, 6, 1, 7, 'Informatique'),
(10, 'BOUCHENTOUF', 'Said', 4, 6, 1, 7, 'Informatique'),
(11, 'BOUDOKHANE', 'Ahmed', 4, 6, 1, 7, 'Informatique'),
(12, 'CALMELS', 'Nathan', 4, 6, 1, 7, 'Informatique'),
(13, 'CHARAF', 'Yahya', 4, 6, 1, 7, 'Informatique'),
(14, 'DAUBERCOURT', 'Mattéo', 4, 6, 1, 7, 'Informatique'),
(15, 'DEFFONTAINE', 'Nathan', 4, 6, 1, 7, 'Informatique'),
(16, 'DESMIS', 'Loan', 4, 6, 1, 7, 'Informatique'),
(17, 'DUBOIS', 'Jules', 4, 6, 1, 7, 'Informatique'),
(18, 'EL ATTARI', 'Kaouthar', 4, 6, 1, 7, 'Informatique'),
(19, 'EL-HLAISSI', 'Nada', 4, 6, 1, 7, 'Informatique'),
(20, 'ELMAHI', 'Achraf', 4, 6, 1, 7, 'Informatique'),
(21, 'FONTAINE', 'Clément', 4, 6, 1, 7, 'Informatique'),
(22, 'GUILLIN', 'Sylian', 4, 6, 1, 7, 'Informatique'),
(23, 'HAJJI', 'Lamia', 4, 6, 1, 7, 'Informatique'),
(24, 'HALLEB', 'Mohamed Aymen', 4, 6, 1, 7, 'Informatique'),
(25, 'KEITA', 'Amadou Tamba', 4, 6, 1, 7, 'Informatique'),
(26, 'LANDRY', 'Rayann', 4, 6, 1, 7, 'Informatique'),
(27, 'LAPÔTRE', 'Marie-Steffie', 4, 6, 1, 7, 'Informatique'),
(28, 'LEMRANI', 'Yassine', 4, 6, 1, 7, 'Informatique'),
(29, 'MAZRI', 'Dina', 4, 6, 1, 7, 'Informatique'),
(30, 'OUARDANE', 'Hiba', 4, 6, 1, 7, 'Informatique'),
(31, 'WANKIDA', 'Walid', 4, 6, 1, 7, 'Informatique'),
(32, 'ZAOUI', 'Anass', 4, 6, 1, 7, 'Informatique'),
(65, 'AKDIM', 'Hamza', 5, 8, 1, 10, 'Informatique'),
(66, 'ANID', 'Hamza', 5, 8, 1, 10, 'Informatique'),
(67, 'BARRADOUANE', 'Amine', 5, 8, 1, 10, 'Informatique'),
(68, 'BENTABET', 'Soumia', 5, 8, 1, 10, 'Informatique'),
(69, 'EL BITI', 'Achraf', 5, 8, 1, 10, 'Informatique'),
(70, 'EL GHAZOUI', 'Mohamed', 5, 8, 1, 10, 'Informatique'),
(71, 'ELAOUAD', 'Nassim', 5, 8, 1, 10, 'Informatique'),
(72, 'FONO', 'Colince', 5, 8, 1, 10, 'Informatique'),
(73, 'HAMOUCHE', 'Imane', 5, 8, 1, 10, 'Informatique'),
(74, 'HAN', 'Cédric', 5, 8, 1, 10, 'Informatique'),
(75, 'LAMAH', 'Richard', 5, 8, 1, 10, 'Informatique'),
(76, 'LAMZOURI', 'Ghizlane', 5, 8, 1, 10, 'Informatique'),
(77, 'LOUALI', 'Hiba', 5, 8, 1, 10, 'Informatique'),
(78, 'MAKCHADI', 'Marouan', 5, 8, 1, 10, 'Informatique'),
(79, 'PEZIERE', 'Matthys', 5, 8, 1, 10, 'Informatique'),
(80, 'SKAMATE', 'Salma', 5, 8, 1, 10, 'Informatique'),
(81, 'TEIDA NOUTSA', 'Remi Raoul', 5, 8, 1, 10, 'Informatique'),
(82, 'TOVIEGBE', 'Delphine Medesse', 5, 8, 1, 10, 'Informatique'),
(83, 'ZAIDI', 'El Mehdi', 5, 8, 1, 10, 'Informatique'),
(84, 'BAGA', 'Assami', 5, 8, 1, 10, 'Informatique'),
(85, 'BAHLOUL', 'Mohammed', 5, 8, 1, 10, 'Informatique'),
(86, 'TCHUEM', 'Kevin', 5, 8, 1, 10, 'Informatique'),
(87, 'ABAROUDI', 'Hassan', 5, 8, 1, 10, 'Informatique'),
(88, 'ASSIOUS', 'Oussama', 5, 8, 1, 10, 'Informatique'),
(89, 'OURRAD', 'Nouhaila', 5, 8, 1, 10, 'Informatique'),
(90, 'RHAK', 'Souhail', 5, 8, 1, 10, 'Informatique'),
(91, 'TOUBI', 'Kawtar', 5, 8, 1, 10, 'Informatique');

-- --------------------------------------------------------

--
-- Structure de la table `groupe`
--

CREATE TABLE `groupe` (
  `id` int(11) NOT NULL,
  `nom` varchar(50) NOT NULL,
  `promotion_id` int(11) NOT NULL,
  `site_id` int(11) NOT NULL,
  `semestre_id` int(11) NOT NULL
) ENGINE=InnoDB DEFAULT CHARSET=utf8mb4 COLLATE=utf8mb4_general_ci;

--
-- Déchargement des données de la table `groupe`
--

INSERT INTO `groupe` (`id`, `nom`, `promotion_id`, `site_id`, `semestre_id`) VALUES
(6, 'Podvin ING2', 4, 1, 7),
(8, 'Podvin ING3', 5, 1, 10);

-- --------------------------------------------------------

--
-- Structure de la table `prof`
--

CREATE TABLE `prof` (
  `id` int(11) NOT NULL,
  `nom` varchar(100) NOT NULL,
  `prenom` varchar(100) NOT NULL,
  `email` varchar(120) NOT NULL,
  `mot_de_passe` varchar(200) NOT NULL,
  `is_active` tinyint(1) DEFAULT NULL
) ENGINE=InnoDB DEFAULT CHARSET=utf8mb4 COLLATE=utf8mb4_general_ci;

--
-- Déchargement des données de la table `prof`
--

INSERT INTO `prof` (`id`, `nom`, `prenom`, `email`, `mot_de_passe`, `is_active`) VALUES
(1, 'Hugo', 'Letendart', 'hugoletendart@gmail.com', 'pbkdf2:sha256:600000$vHbbCurBMOjspe9I$bede6eb9c9e07a9726fb3548b6d6a165a76d758e8b8321fce1b45557ddb53699', 1);

-- --------------------------------------------------------

--
-- Structure de la table `promotion`
--

CREATE TABLE `promotion` (
  `id` int(11) NOT NULL,
  `nom` varchar(50) NOT NULL,
  `site_id` int(11) NOT NULL
) ENGINE=InnoDB DEFAULT CHARSET=utf8mb4 COLLATE=utf8mb4_general_ci;

--
-- Déchargement des données de la table `promotion`
--

INSERT INTO `promotion` (`id`, `nom`, `site_id`) VALUES
(1, 'CP1', 1),
(2, 'CP2', 1),
(3, 'ING1', 1),
(4, 'ING2', 1),
(5, 'ING3', 1),
(6, 'CP1', 4),
(7, 'CP2', 4),
(8, 'ING1', 4),
(9, 'ING2', 4),
(10, 'ING3', 4),
(11, 'ING1', 3),
(12, 'ING2', 3),
(13, 'ING3', 3),
(14, 'ING1', 2),
(15, 'ING2', 2),
(16, 'ING3', 2);

-- --------------------------------------------------------

--
-- Structure de la table `reponses_justes`
--

CREATE TABLE `reponses_justes` (
  `id_reponse_juste` int(11) NOT NULL,
  `numero_question` int(11) NOT NULL,
  `choix` varchar(1) NOT NULL,
  `id_test` int(11) NOT NULL
) ENGINE=InnoDB DEFAULT CHARSET=utf8mb4 COLLATE=utf8mb4_general_ci;

-- --------------------------------------------------------

--
-- Structure de la table `reponse_etudiant`
--

CREATE TABLE `reponse_etudiant` (
  `id` int(11) NOT NULL,
  `num_question` varchar(50) NOT NULL,
  `choix` varchar(50) NOT NULL,
  `etudiant_id` int(11) NOT NULL,
  `test_id` int(11) NOT NULL
) ENGINE=InnoDB DEFAULT CHARSET=utf8mb4 COLLATE=utf8mb4_general_ci;

--
-- Déchargement des données de la table `reponse_etudiant`
--

INSERT INTO `reponse_etudiant` (`id`, `num_question`, `choix`, `etudiant_id`, `test_id`) VALUES
(401, '1', 'Vide', 86, 5),
(402, '2', 'Vide', 86, 5),
(403, '3', 'Vide', 86, 5),
(404, '4', 'Vide', 86, 5),
(405, '5', 'Vide', 86, 5),
(406, '6', 'Vide', 86, 5),
(407, '7', 'Vide', 86, 5),
(408, '8', 'Vide', 86, 5),
(409, '9', 'Vide', 86, 5),
(410, '10', 'Vide', 86, 5),
(411, '11', 'Vide', 86, 5),
(412, '12', 'Vide', 86, 5),
(413, '13', 'Vide', 86, 5),
(414, '14', 'Vide', 86, 5),
(415, '15', 'Vide', 86, 5),
(416, '16', 'Vide', 86, 5),
(417, '17', 'Vide', 86, 5),
(418, '18', 'Vide', 86, 5),
(419, '19', 'Vide', 86, 5),
(420, '20', 'Vide', 86, 5),
(421, '21', 'Vide', 86, 5),
(422, '22', 'Vide', 86, 5),
(423, '23', 'Vide', 86, 5),
(424, '24', 'Vide', 86, 5),
(425, '25', 'Vide', 86, 5),
(426, '26', 'Vide', 86, 5),
(427, '27', 'Vide', 86, 5),
(428, '28', 'Vide', 86, 5),
(429, '29', 'Vide', 86, 5),
(430, '30', 'Vide', 86, 5),
(431, '31', 'Vide', 86, 5),
(432, '32', 'Vide', 86, 5),
(433, '33', 'Vide', 86, 5),
(434, '34', 'Vide', 86, 5),
(435, '35', 'Vide', 86, 5),
(436, '36', 'Vide', 86, 5),
(437, '37', 'Vide', 86, 5),
(438, '38', 'Vide', 86, 5),
(439, '39', 'Vide', 86, 5),
(440, '40', 'Vide', 86, 5),
(441, '41', 'Vide', 86, 5),
(442, '42', 'Vide', 86, 5),
(443, '43', 'Vide', 86, 5),
(444, '44', 'Vide', 86, 5),
(445, '45', 'Vide', 86, 5),
(446, '46', 'Vide', 86, 5),
(447, '47', 'Vide', 86, 5),
(448, '48', 'Vide', 86, 5),
(449, '49', 'Vide', 86, 5),
(450, '50', 'Vide', 86, 5),
(451, '51', 'Vide', 86, 5),
(452, '52', 'Vide', 86, 5),
(453, '53', 'Vide', 86, 5),
(454, '54', 'Vide', 86, 5),
(455, '55', 'Vide', 86, 5),
(456, '56', 'Vide', 86, 5),
(457, '57', 'Vide', 86, 5),
(458, '58', 'Vide', 86, 5),
(459, '59', 'Vide', 86, 5),
(460, '60', 'Vide', 86, 5),
(461, '61', 'Vide', 86, 5),
(462, '62', 'Vide', 86, 5),
(463, '63', 'Vide', 86, 5),
(464, '64', 'Vide', 86, 5),
(465, '65', 'Vide', 86, 5),
(466, '66', 'Vide', 86, 5),
(467, '67', 'Vide', 86, 5),
(468, '68', 'Vide', 86, 5),
(469, '69', 'Vide', 86, 5),
(470, '70', 'Vide', 86, 5),
(471, '71', 'Vide', 86, 5),
(472, '72', 'Vide', 86, 5),
(473, '73', 'Vide', 86, 5),
(474, '74', 'Vide', 86, 5),
(475, '75', 'Vide', 86, 5),
(476, '76', 'Vide', 86, 5),
(477, '77', 'Vide', 86, 5),
(478, '78', 'Vide', 86, 5),
(479, '79', 'Vide', 86, 5),
(480, '80', 'Vide', 86, 5),
(481, '81', 'Vide', 86, 5),
(482, '82', 'Vide', 86, 5),
(483, '83', 'Vide', 86, 5),
(484, '84', 'Vide', 86, 5),
(485, '85', 'Vide', 86, 5),
(486, '86', 'Vide', 86, 5),
(487, '87', 'Vide', 86, 5),
(488, '88', 'Vide', 86, 5),
(489, '89', 'Vide', 86, 5),
(490, '90', 'Vide', 86, 5),
(491, '91', 'Vide', 86, 5),
(492, '92', 'Vide', 86, 5),
(493, '93', 'Vide', 86, 5),
(494, '94', 'Vide', 86, 5),
(495, '95', 'Vide', 86, 5),
(496, '96', 'Vide', 86, 5),
(497, '97', 'Vide', 86, 5),
(498, '98', 'Vide', 86, 5),
(499, '99', 'Vide', 86, 5),
(500, '100', 'Vide', 86, 5),
(501, '101', 'Vide', 86, 5),
(502, '102', 'Vide', 86, 5),
(503, '103', 'Vide', 86, 5),
(504, '104', 'Vide', 86, 5),
(505, '105', 'Vide', 86, 5),
(506, '106', 'Vide', 86, 5),
(507, '107', 'Vide', 86, 5),
(508, '108', 'Vide', 86, 5),
(509, '109', 'Vide', 86, 5),
(510, '110', 'Vide', 86, 5),
(511, '111', 'Vide', 86, 5),
(512, '112', 'Vide', 86, 5),
(513, '113', 'Vide', 86, 5),
(514, '114', 'Vide', 86, 5),
(515, '115', 'Vide', 86, 5),
(516, '116', 'Vide', 86, 5),
(517, '117', 'Vide', 86, 5),
(518, '118', 'Vide', 86, 5),
(519, '119', 'Vide', 86, 5),
(520, '120', 'Vide', 86, 5),
(521, '121', 'Vide', 86, 5),
(522, '122', 'Vide', 86, 5),
(523, '123', 'Vide', 86, 5),
(524, '124', 'Vide', 86, 5),
(525, '125', 'Vide', 86, 5),
(526, '126', 'Vide', 86, 5),
(527, '127', 'Vide', 86, 5),
(528, '128', 'Vide', 86, 5),
(529, '129', 'Vide', 86, 5),
(530, '130', 'Vide', 86, 5),
(531, '131', 'Vide', 86, 5),
(532, '132', 'Vide', 86, 5),
(533, '133', 'Vide', 86, 5),
(534, '134', 'Vide', 86, 5),
(535, '135', 'Vide', 86, 5),
(536, '136', 'Vide', 86, 5),
(537, '137', 'Vide', 86, 5),
(538, '138', 'Vide', 86, 5),
(539, '139', 'Vide', 86, 5),
(540, '140', 'Vide', 86, 5),
(541, '141', 'Vide', 86, 5),
(542, '142', 'Vide', 86, 5),
(543, '143', 'Vide', 86, 5),
(544, '144', 'Vide', 86, 5),
(545, '145', 'Vide', 86, 5),
(546, '146', 'Vide', 86, 5),
(547, '147', 'Vide', 86, 5),
(548, '148', 'Vide', 86, 5),
(549, '149', 'Vide', 86, 5),
(550, '150', 'Vide', 86, 5),
(551, '151', 'Vide', 86, 5),
(552, '152', 'Vide', 86, 5),
(553, '153', 'Vide', 86, 5),
(554, '154', 'Vide', 86, 5),
(555, '155', 'Vide', 86, 5),
(556, '156', 'Vide', 86, 5),
(557, '157', 'Vide', 86, 5),
(558, '158', 'Vide', 86, 5),
(559, '159', 'Vide', 86, 5),
(560, '160', 'Vide', 86, 5),
(561, '161', 'Vide', 86, 5),
(562, '162', 'Vide', 86, 5),
(563, '163', 'Vide', 86, 5),
(564, '164', 'Vide', 86, 5),
(565, '165', 'Vide', 86, 5),
(566, '166', 'Vide', 86, 5),
(567, '167', 'Vide', 86, 5),
(568, '168', 'Vide', 86, 5),
(569, '169', 'Vide', 86, 5),
(570, '170', 'Vide', 86, 5),
(571, '171', 'Vide', 86, 5),
(572, '172', 'Vide', 86, 5),
(573, '173', 'Vide', 86, 5),
(574, '174', 'Vide', 86, 5),
(575, '175', 'Vide', 86, 5),
(576, '176', 'Vide', 86, 5),
(577, '177', 'Vide', 86, 5),
(578, '178', 'Vide', 86, 5),
(579, '179', 'Vide', 86, 5),
(580, '180', 'Vide', 86, 5),
(581, '181', 'Vide', 86, 5),
(582, '182', 'Vide', 86, 5),
(583, '183', 'Vide', 86, 5),
(584, '184', 'Vide', 86, 5),
(585, '185', 'Vide', 86, 5),
(586, '186', 'Vide', 86, 5),
(587, '187', 'Vide', 86, 5),
(588, '188', 'Vide', 86, 5),
(589, '189', 'Vide', 86, 5),
(590, '190', 'Vide', 86, 5),
(591, '191', 'Vide', 86, 5),
(592, '192', 'Vide', 86, 5),
(593, '193', 'Vide', 86, 5),
(594, '194', 'Vide', 86, 5),
(595, '195', 'Vide', 86, 5),
(596, '196', 'Vide', 86, 5),
(597, '197', 'Vide', 86, 5),
(598, '198', 'Vide', 86, 5),
(599, '199', 'Vide', 86, 5),
(600, '1', 'A', 86, 5),
(601, '2', 'C', 86, 5),
(602, '3', 'D', 86, 5),
(603, '4', 'D', 86, 5),
(604, '5', 'B', 86, 5),
(605, '6', 'A', 86, 5),
(606, '7', 'B', 86, 5),
(607, '8', 'Vide', 86, 5),
(608, '9', 'Vide', 86, 5),
(609, '10', 'Vide', 86, 5),
(610, '11', 'Vide', 86, 5),
(611, '12', 'Vide', 86, 5),
(612, '13', 'Vide', 86, 5),
(613, '14', 'Vide', 86, 5),
(614, '15', 'Vide', 86, 5),
(615, '16', 'Vide', 86, 5),
(616, '17', 'Vide', 86, 5),
(617, '18', 'Vide', 86, 5),
(618, '19', 'Vide', 86, 5),
(619, '20', 'Vide', 86, 5),
(620, '21', 'Vide', 86, 5),
(621, '22', 'Vide', 86, 5),
(622, '23', 'Vide', 86, 5),
(623, '24', 'Vide', 86, 5),
(624, '25', 'Vide', 86, 5),
(625, '26', 'Vide', 86, 5),
(626, '27', 'Vide', 86, 5),
(627, '28', 'Vide', 86, 5),
(628, '29', 'Vide', 86, 5),
(629, '30', 'Vide', 86, 5),
(630, '31', 'Vide', 86, 5),
(631, '32', 'Vide', 86, 5),
(632, '33', 'Vide', 86, 5),
(633, '34', 'Vide', 86, 5),
(634, '35', 'Vide', 86, 5),
(635, '36', 'Vide', 86, 5),
(636, '37', 'Vide', 86, 5),
(637, '38', 'D', 86, 5),
(638, '39', 'Vide', 86, 5),
(639, '40', 'A', 86, 5),
(640, '41', 'Vide', 86, 5),
(641, '42', 'Vide', 86, 5),
(642, '43', 'Vide', 86, 5),
(643, '44', 'Vide', 86, 5),
(644, '45', 'Vide', 86, 5),
(645, '46', 'A', 86, 5),
(646, '47', 'B', 86, 5),
(647, '48', 'Vide', 86, 5),
(648, '49', 'Vide', 86, 5),
(649, '50', 'Vide', 86, 5),
(650, '51', 'A', 86, 5),
(651, '52', 'Vide', 86, 5),
(652, '53', 'C', 86, 5),
(653, '54', 'D', 86, 5),
(654, '55', 'Vide', 86, 5),
(655, '56', 'Vide', 86, 5),
(656, '57', 'Vide', 86, 5),
(657, '58', 'B', 86, 5),
(658, '59', 'Vide', 86, 5),
(659, '60', 'Vide', 86, 5),
(660, '61', 'Vide', 86, 5),
(661, '62', 'Vide', 86, 5),
(662, '63', 'Vide', 86, 5),
(663, '64', 'Vide', 86, 5),
(664, '65', 'Vide', 86, 5),
(665, '66', 'Vide', 86, 5),
(666, '67', 'Vide', 86, 5),
(667, '68', 'Vide', 86, 5),
(668, '69', 'Vide', 86, 5),
(669, '70', 'Vide', 86, 5),
(670, '71', 'Vide', 86, 5),
(671, '72', 'Vide', 86, 5),
(672, '73', 'Vide', 86, 5),
(673, '74', 'A', 86, 5),
(674, '75', 'Vide', 86, 5),
(675, '76', 'Vide', 86, 5),
(676, '77', 'C', 86, 5),
(677, '78', 'B', 86, 5),
(678, '79', 'Vide', 86, 5),
(679, '80', 'B', 86, 5),
(680, '81', 'D', 86, 5),
(681, '82', 'B', 86, 5),
(682, '83', 'Vide', 86, 5),
(683, '84', 'C', 86, 5),
(684, '85', 'Vide', 86, 5),
(685, '86', 'Vide', 86, 5),
(686, '87', 'D', 86, 5),
(687, '88', 'Vide', 86, 5),
(688, '89', 'Vide', 86, 5),
(689, '90', 'Vide', 86, 5),
(690, '91', 'Vide', 86, 5),
(691, '92', 'Vide', 86, 5),
(692, '93', 'Vide', 86, 5),
(693, '94', 'Vide', 86, 5),
(694, '95', 'Vide', 86, 5),
(695, '96', 'Vide', 86, 5),
(696, '97', 'Vide', 86, 5),
(697, '98', 'Vide', 86, 5),
(698, '99', 'Vide', 86, 5),
(699, '100', 'Vide', 86, 5),
(700, '101', 'C', 86, 5),
(701, '102', 'A', 86, 5),
(702, '103', 'C', 86, 5),
(703, '104', 'Vide', 86, 5),
(704, '105', 'D', 86, 5),
(705, '106', 'B', 86, 5),
(706, '107', 'Vide', 86, 5),
(707, '108', 'Vide', 86, 5),
(708, '109', 'C', 86, 5),
(709, '110', 'Vide', 86, 5),
(710, '111', 'Vide', 86, 5),
(711, '112', 'Vide', 86, 5),
(712, '113', 'Vide', 86, 5),
(713, '114', 'Vide', 86, 5),
(714, '115', 'Vide', 86, 5),
(715, '116', 'Vide', 86, 5),
(716, '117', 'B', 86, 5),
(717, '118', 'Vide', 86, 5),
(718, '119', 'Vide', 86, 5),
(719, '120', 'Vide', 86, 5),
(720, '121', 'Vide', 86, 5),
(721, '122', 'Vide', 86, 5),
(722, '123', 'B', 86, 5),
(723, '124', 'A', 86, 5),
(724, '125', 'D', 86, 5),
(725, '126', 'D', 86, 5),
(726, '127', 'Vide', 86, 5),
(727, '128', 'Vide', 86, 5),
(728, '129', 'Vide', 86, 5),
(729, '130', 'D', 86, 5),
(730, '131', 'Vide', 86, 5),
(731, '132', 'Vide', 86, 5),
(732, '133', 'D', 86, 5),
(733, '134', 'Vide', 86, 5),
(734, '135', 'Vide', 86, 5),
(735, '136', 'Vide', 86, 5),
(736, '137', 'Vide', 86, 5),
(737, '138', 'Vide', 86, 5),
(738, '139', 'Vide', 86, 5),
(739, '140', 'Vide', 86, 5),
(740, '141', 'Vide', 86, 5),
(741, '142', 'Vide', 86, 5),
(742, '143', 'Vide', 86, 5),
(743, '144', 'Vide', 86, 5),
(744, '145', 'Vide', 86, 5),
(745, '146', 'Vide', 86, 5),
(746, '147', 'D', 86, 5),
(747, '148', 'C', 86, 5),
(748, '149', 'C', 86, 5),
(749, '150', 'Vide', 86, 5),
(750, '151', 'D', 86, 5),
(751, '152', 'C', 86, 5),
(752, '153', 'Vide', 86, 5),
(753, '154', 'Vide', 86, 5),
(754, '155', 'B', 86, 5),
(755, '156', 'Vide', 86, 5),
(756, '157', 'B', 86, 5),
(757, '158', 'Vide', 86, 5),
(758, '159', 'Vide', 86, 5),
(759, '160', 'C', 86, 5),
(760, '161', 'Vide', 86, 5),
(761, '162', 'B', 86, 5),
(762, '163', 'D', 86, 5),
(763, '164', 'B', 86, 5),
(764, '165', 'A', 86, 5),
(765, '166', 'Vide', 86, 5),
(766, '167', 'B', 86, 5),
(767, '168', 'Vide', 86, 5),
(768, '169', 'C', 86, 5),
(769, '170', 'Vide', 86, 5),
(770, '171', 'Vide', 86, 5),
(771, '172', 'B', 86, 5),
(772, '173', 'B', 86, 5),
(773, '174', 'A', 86, 5),
(774, '175', 'A', 86, 5),
(775, '176', 'B', 86, 5),
(776, '177', 'Vide', 86, 5),
(777, '178', 'C', 86, 5),
(778, '179', 'Vide', 86, 5),
(779, '180', 'C', 86, 5),
(780, '181', 'B', 86, 5),
(781, '182', 'A', 86, 5),
(782, '183', 'B', 86, 5),
(783, '184', 'D', 86, 5),
(784, '185', 'D', 86, 5),
(785, '186', 'B', 86, 5),
(786, '187', 'B', 86, 5),
(787, '188', 'B', 86, 5),
(788, '189', 'B', 86, 5),
(789, '190', 'B', 86, 5),
(790, '191', 'B', 86, 5),
(791, '192', 'B', 86, 5),
(792, '193', 'B', 86, 5),
(793, '194', 'B', 86, 5),
(794, '195', 'Vide', 86, 5),
(795, '196', 'Vide', 86, 5),
(796, '197', 'B', 86, 5),
(797, '198', 'B', 86, 5),
(798, '199', 'B', 86, 5),
(799, '1', 'Réponse fausse', 86, 5),
(800, '2', 'Réponse fausse', 86, 5),
(801, '3', 'Réponse fausse', 86, 5),
(802, '4', 'Réponse fausse', 86, 5),
(803, '5', 'Réponse fausse', 86, 5),
(804, '6', 'Réponse fausse', 86, 5),
(805, '7', 'Réponse fausse', 86, 5),
(806, '8', 'Réponse fausse', 86, 5),
(807, '9', 'Réponse fausse', 86, 5),
(808, '10', 'Réponse fausse', 86, 5),
(809, '11', 'Réponse fausse', 86, 5),
(810, '12', 'Réponse fausse', 86, 5),
(811, '13', 'Réponse fausse', 86, 5),
(812, '14', 'Réponse fausse', 86, 5),
(813, '15', 'Réponse fausse', 86, 5),
(814, '16', 'Réponse fausse', 86, 5),
(815, '17', 'Réponse fausse', 86, 5),
(816, '18', 'Réponse fausse', 86, 5),
(817, '19', 'Réponse fausse', 86, 5),
(818, '20', 'Réponse fausse', 86, 5),
(819, '21', 'Réponse fausse', 86, 5),
(820, '22', 'Réponse fausse', 86, 5),
(821, '23', 'Réponse fausse', 86, 5),
(822, '24', 'Réponse fausse', 86, 5),
(823, '25', 'Réponse fausse', 86, 5),
(824, '26', 'Réponse fausse', 86, 5),
(825, '27', 'Réponse fausse', 86, 5),
(826, '28', 'Réponse fausse', 86, 5),
(827, '29', 'Réponse fausse', 86, 5),
(828, '30', 'Réponse fausse', 86, 5),
(829, '31', 'Réponse fausse', 86, 5),
(830, '32', 'Réponse fausse', 86, 5),
(831, '33', 'Réponse fausse', 86, 5),
(832, '34', 'Réponse fausse', 86, 5),
(833, '35', 'Réponse fausse', 86, 5),
(834, '36', 'Réponse fausse', 86, 5),
(835, '37', 'Réponse fausse', 86, 5),
(836, '38', 'Réponse fausse', 86, 5),
(837, '39', 'Réponse fausse', 86, 5),
(838, '40', 'Réponse fausse', 86, 5),
(839, '41', 'Réponse fausse', 86, 5),
(840, '42', 'Réponse fausse', 86, 5),
(841, '43', 'Réponse fausse', 86, 5),
(842, '44', 'Réponse fausse', 86, 5),
(843, '45', 'Réponse fausse', 86, 5),
(844, '46', 'Réponse fausse', 86, 5),
(845, '47', 'Réponse fausse', 86, 5),
(846, '48', 'Réponse fausse', 86, 5),
(847, '49', 'Réponse fausse', 86, 5),
(848, '50', 'Réponse fausse', 86, 5),
(849, '51', 'Réponse fausse', 86, 5),
(850, '52', 'Réponse fausse', 86, 5),
(851, '53', 'Réponse fausse', 86, 5),
(852, '54', 'Réponse fausse', 86, 5),
(853, '55', 'Réponse fausse', 86, 5),
(854, '56', 'Réponse fausse', 86, 5),
(855, '57', 'Réponse fausse', 86, 5),
(856, '58', 'Réponse fausse', 86, 5),
(857, '59', 'Réponse fausse', 86, 5),
(858, '60', 'Réponse fausse', 86, 5),
(859, '61', 'Réponse fausse', 86, 5),
(860, '62', 'Réponse fausse', 86, 5),
(861, '63', 'Réponse fausse', 86, 5),
(862, '64', 'Réponse fausse', 86, 5),
(863, '65', 'Réponse fausse', 86, 5),
(864, '66', 'Réponse fausse', 86, 5),
(865, '67', 'Réponse fausse', 86, 5),
(866, '68', 'Réponse fausse', 86, 5),
(867, '69', 'Réponse fausse', 86, 5),
(868, '70', 'Réponse fausse', 86, 5),
(869, '71', 'Réponse fausse', 86, 5),
(870, '72', 'Réponse fausse', 86, 5),
(871, '73', 'Réponse fausse', 86, 5),
(872, '74', 'Réponse fausse', 86, 5),
(873, '75', 'Réponse fausse', 86, 5),
(874, '76', 'Réponse fausse', 86, 5),
(875, '77', 'Réponse fausse', 86, 5),
(876, '78', 'Réponse fausse', 86, 5),
(877, '79', 'Réponse fausse', 86, 5),
(878, '80', 'Réponse fausse', 86, 5),
(879, '81', 'Réponse fausse', 86, 5),
(880, '82', 'Réponse fausse', 86, 5),
(881, '83', 'Réponse fausse', 86, 5),
(882, '84', 'Réponse fausse', 86, 5),
(883, '85', 'Réponse fausse', 86, 5),
(884, '86', 'Réponse fausse', 86, 5),
(885, '87', 'Réponse fausse', 86, 5),
(886, '88', 'Réponse fausse', 86, 5),
(887, '89', 'Réponse fausse', 86, 5),
(888, '90', 'Réponse fausse', 86, 5),
(889, '91', 'Réponse fausse', 86, 5),
(890, '92', 'Réponse fausse', 86, 5),
(891, '93', 'Réponse fausse', 86, 5),
(892, '94', 'Réponse fausse', 86, 5),
(893, '95', 'Réponse fausse', 86, 5),
(894, '96', 'Réponse fausse', 86, 5),
(895, '97', 'Réponse fausse', 86, 5),
(896, '98', 'Réponse fausse', 86, 5),
(897, '99', 'Réponse fausse', 86, 5),
(898, '100', 'Réponse fausse', 86, 5),
(899, '101', 'Réponse fausse', 86, 5),
(900, '102', 'Réponse fausse', 86, 5),
(901, '103', 'Réponse fausse', 86, 5),
(902, '104', 'Réponse fausse', 86, 5),
(903, '105', 'Réponse fausse', 86, 5),
(904, '106', 'Réponse fausse', 86, 5),
(905, '107', 'Réponse fausse', 86, 5),
(906, '108', 'Réponse fausse', 86, 5),
(907, '109', 'Réponse fausse', 86, 5),
(908, '110', 'Réponse fausse', 86, 5),
(909, '111', 'Réponse fausse', 86, 5),
(910, '112', 'Réponse fausse', 86, 5),
(911, '113', 'Réponse fausse', 86, 5),
(912, '114', 'Réponse fausse', 86, 5),
(913, '115', 'Réponse fausse', 86, 5),
(914, '116', 'Réponse fausse', 86, 5),
(915, '117', 'Réponse fausse', 86, 5),
(916, '118', 'Réponse fausse', 86, 5),
(917, '119', 'Réponse fausse', 86, 5),
(918, '120', 'Réponse fausse', 86, 5),
(919, '121', 'Réponse fausse', 86, 5),
(920, '122', 'Réponse fausse', 86, 5),
(921, '123', 'Réponse fausse', 86, 5),
(922, '124', 'Réponse fausse', 86, 5),
(923, '125', 'Réponse fausse', 86, 5),
(924, '126', 'Réponse fausse', 86, 5),
(925, '127', 'Réponse fausse', 86, 5),
(926, '128', 'Réponse fausse', 86, 5),
(927, '129', 'Réponse fausse', 86, 5),
(928, '130', 'Réponse fausse', 86, 5),
(929, '131', 'Réponse fausse', 86, 5),
(930, '132', 'Réponse fausse', 86, 5),
(931, '133', 'Réponse fausse', 86, 5),
(932, '134', 'Réponse fausse', 86, 5),
(933, '135', 'Réponse fausse', 86, 5),
(934, '136', 'Réponse fausse', 86, 5),
(935, '137', 'Réponse fausse', 86, 5),
(936, '138', 'Réponse fausse', 86, 5),
(937, '139', 'Réponse fausse', 86, 5),
(938, '140', 'Réponse fausse', 86, 5),
(939, '141', 'Réponse fausse', 86, 5),
(940, '142', 'Réponse fausse', 86, 5),
(941, '143', 'Réponse fausse', 86, 5),
(942, '144', 'Réponse fausse', 86, 5),
(943, '145', 'Réponse fausse', 86, 5),
(944, '146', 'Réponse fausse', 86, 5),
(945, '147', 'Réponse fausse', 86, 5),
(946, '148', 'Réponse fausse', 86, 5),
(947, '149', 'Réponse fausse', 86, 5),
(948, '150', 'Réponse fausse', 86, 5),
(949, '151', 'Réponse fausse', 86, 5),
(950, '152', 'Réponse fausse', 86, 5),
(951, '153', 'Réponse fausse', 86, 5),
(952, '154', 'Réponse fausse', 86, 5),
(953, '155', 'Réponse fausse', 86, 5),
(954, '156', 'Réponse fausse', 86, 5),
(955, '157', 'Réponse fausse', 86, 5),
(956, '158', 'Réponse fausse', 86, 5),
(957, '159', 'Réponse fausse', 86, 5),
(958, '160', 'Réponse fausse', 86, 5),
(959, '161', 'Réponse fausse', 86, 5),
(960, '162', 'Réponse fausse', 86, 5),
(961, '163', 'Réponse fausse', 86, 5),
(962, '164', 'Réponse fausse', 86, 5),
(963, '165', 'Réponse fausse', 86, 5),
(964, '166', 'Réponse fausse', 86, 5),
(965, '167', 'Réponse fausse', 86, 5),
(966, '168', 'Réponse fausse', 86, 5),
(967, '169', 'Réponse fausse', 86, 5),
(968, '170', 'Réponse fausse', 86, 5),
(969, '171', 'Réponse fausse', 86, 5),
(970, '172', 'Réponse fausse', 86, 5),
(971, '173', 'Réponse fausse', 86, 5),
(972, '174', 'Réponse fausse', 86, 5),
(973, '175', 'Réponse fausse', 86, 5),
(974, '176', 'Réponse fausse', 86, 5),
(975, '177', 'Réponse fausse', 86, 5),
(976, '178', 'Réponse fausse', 86, 5),
(977, '179', 'Réponse fausse', 86, 5),
(978, '180', 'Réponse fausse', 86, 5),
(979, '181', 'Réponse fausse', 86, 5),
(980, '182', 'Réponse fausse', 86, 5),
(981, '183', 'Réponse fausse', 86, 5),
(982, '184', 'Réponse fausse', 86, 5),
(983, '185', 'Réponse fausse', 86, 5),
(984, '186', 'Réponse fausse', 86, 5),
(985, '187', 'Réponse fausse', 86, 5),
(986, '188', 'Réponse fausse', 86, 5),
(987, '189', 'Réponse fausse', 86, 5),
(988, '190', 'Réponse fausse', 86, 5),
(989, '191', 'Réponse fausse', 86, 5),
(990, '192', 'Réponse fausse', 86, 5),
(991, '193', 'Réponse fausse', 86, 5),
(992, '194', 'Réponse fausse', 86, 5),
(993, '195', 'Réponse fausse', 86, 5),
(994, '196', 'Réponse fausse', 86, 5),
(995, '197', 'Réponse fausse', 86, 5),
(996, '198', 'Réponse fausse', 86, 5),
(997, '199', 'Réponse fausse', 86, 5),
(998, '1', 'A', 86, 5),
(999, '2', 'C', 86, 5),
(1000, '3', 'D', 86, 5),
(1001, '4', 'D', 86, 5),
(1002, '5', 'B', 86, 5),
(1003, '6', 'A', 86, 5),
(1004, '7', 'B', 86, 5),
(1005, '8', 'A', 86, 5),
(1006, '9', 'Vide', 86, 5),
(1007, '10', 'B', 86, 5),
(1008, '11', 'A', 86, 5),
(1009, '12', 'B', 86, 5),
(1010, '13', 'C', 86, 5),
(1011, '14', 'B', 86, 5),
(1012, '15', 'A', 86, 5),
(1013, '16', 'A', 86, 5),
(1014, '17', 'Vide', 86, 5),
(1015, '18', 'B', 86, 5),
(1016, '19', 'A', 86, 5),
(1017, '20', 'A', 86, 5),
(1018, '21', 'C', 86, 5),
(1019, '22', 'Vide', 86, 5),
(1020, '23', 'C', 86, 5),
(1021, '24', 'C', 86, 5),
(1022, '25', 'Vide', 86, 5),
(1023, '26', 'A', 86, 5),
(1024, '27', 'A', 86, 5),
(1025, '28', 'B', 86, 5),
(1026, '29', 'B', 86, 5),
(1027, '30', 'Vide', 86, 5),
(1028, '31', 'C', 86, 5),
(1029, '32', 'D', 86, 5),
(1030, '33', 'C', 86, 5),
(1031, '34', 'A', 86, 5),
(1032, '35', 'D', 86, 5),
(1033, '36', 'B', 86, 5),
(1034, '37', 'Vide', 86, 5),
(1035, '38', 'D', 86, 5),
(1036, '39', 'A', 86, 5),
(1037, '40', 'A', 86, 5),
(1038, '41', 'B', 86, 5),
(1039, '42', 'A', 86, 5),
(1040, '43', 'B', 86, 5),
(1041, '44', 'B', 86, 5),
(1042, '45', 'D', 86, 5),
(1043, '46', 'A', 86, 5),
(1044, '47', 'B', 86, 5),
(1045, '48', 'A', 86, 5),
(1046, '49', 'C', 86, 5),
(1047, '50', 'Vide', 86, 5),
(1048, '51', 'A', 86, 5),
(1049, '52', 'D', 86, 5),
(1050, '53', 'C', 86, 5),
(1051, '54', 'D', 86, 5),
(1052, '55', 'Vide', 86, 5),
(1053, '56', 'C', 86, 5),
(1054, '57', 'D', 86, 5),
(1055, '58', 'B', 86, 5),
(1056, '59', 'D', 86, 5),
(1057, '60', 'D', 86, 5),
(1058, '61', 'C', 86, 5),
(1059, '62', 'C', 86, 5),
(1060, '63', 'D', 86, 5),
(1061, '64', 'B', 86, 5),
(1062, '65', 'Vide', 86, 5),
(1063, '66', 'B', 86, 5),
(1064, '67', 'B', 86, 5),
(1065, '68', 'B', 86, 5),
(1066, '69', 'A', 86, 5),
(1067, '70', 'B', 86, 5),
(1068, '71', 'C', 86, 5),
(1069, '72', 'A', 86, 5),
(1070, '73', 'B', 86, 5),
(1071, '74', 'A', 86, 5),
(1072, '75', 'D', 86, 5),
(1073, '76', 'Vide', 86, 5),
(1074, '77', 'C', 86, 5),
(1075, '78', 'B', 86, 5),
(1076, '79', 'Vide', 86, 5),
(1077, '80', 'B', 86, 5),
(1078, '81', 'D', 86, 5),
(1079, '82', 'B', 86, 5),
(1080, '83', 'D', 86, 5),
(1081, '84', 'C', 86, 5),
(1082, '85', 'B', 86, 5),
(1083, '86', 'Vide', 86, 5),
(1084, '87', 'D', 86, 5),
(1085, '88', 'B', 86, 5),
(1086, '89', 'C', 86, 5),
(1087, '90', 'Vide', 86, 5),
(1088, '91', 'C', 86, 5),
(1089, '92', 'C', 86, 5),
(1090, '93', 'B', 86, 5),
(1091, '94', 'B', 86, 5),
(1092, '95', 'C', 86, 5),
(1093, '96', 'Vide', 86, 5),
(1094, '97', 'A', 86, 5),
(1095, '98', 'B', 86, 5),
(1096, '99', 'A', 86, 5),
(1097, '100', 'Vide', 86, 5),
(1098, '101', 'C', 86, 5),
(1099, '102', 'A', 86, 5),
(1100, '103', 'C', 86, 5),
(1101, '104', 'A', 86, 5),
(1102, '105', 'D', 86, 5),
(1103, '106', 'B', 86, 5),
(1104, '107', 'D', 86, 5),
(1105, '108', 'D', 86, 5),
(1106, '109', 'C', 86, 5),
(1107, '110', 'A', 86, 5),
(1108, '111', 'A', 86, 5),
(1109, '112', 'C', 86, 5),
(1110, '113', 'B', 86, 5),
(1111, '114', 'A', 86, 5),
(1112, '115', 'C', 86, 5),
(1113, '116', 'D', 86, 5),
(1114, '117', 'B', 86, 5),
(1115, '118', 'A', 86, 5),
(1116, '119', 'A', 86, 5),
(1117, '120', 'Vide', 86, 5),
(1118, '121', 'A', 86, 5),
(1119, '122', 'D', 86, 5),
(1120, '123', 'B', 86, 5),
(1121, '124', 'A', 86, 5),
(1122, '125', 'D', 86, 5),
(1123, '126', 'D', 86, 5),
(1124, '127', 'B', 86, 5),
(1125, '128', 'B', 86, 5),
(1126, '129', 'A', 86, 5),
(1127, '130', 'D', 86, 5),
(1128, '131', 'A', 86, 5),
(1129, '132', 'A', 86, 5),
(1130, '133', 'D', 86, 5),
(1131, '134', 'Vide', 86, 5),
(1132, '135', 'A', 86, 5),
(1133, '136', 'D', 86, 5),
(1134, '137', 'B', 86, 5),
(1135, '138', 'A', 86, 5),
(1136, '139', 'B', 86, 5),
(1137, '140', 'D', 86, 5),
(1138, '141', 'C', 86, 5),
(1139, '142', 'A', 86, 5),
(1140, '143', 'A', 86, 5),
(1141, '144', 'B', 86, 5),
(1142, '145', 'B', 86, 5),
(1143, '146', 'B', 86, 5),
(1144, '147', 'D', 86, 5),
(1145, '148', 'C', 86, 5),
(1146, '149', 'C', 86, 5),
(1147, '150', 'C', 86, 5),
(1148, '151', 'D', 86, 5),
(1149, '152', 'C', 86, 5),
(1150, '153', 'B', 86, 5),
(1151, '154', 'B', 86, 5),
(1152, '155', 'B', 86, 5),
(1153, '156', 'D', 86, 5),
(1154, '157', 'B', 86, 5),
(1155, '158', 'D', 86, 5),
(1156, '159', 'Vide', 86, 5),
(1157, '160', 'C', 86, 5),
(1158, '161', 'Vide', 86, 5),
(1159, '162', 'B', 86, 5),
(1160, '163', 'D', 86, 5),
(1161, '164', 'B', 86, 5),
(1162, '165', 'A', 86, 5),
(1163, '166', 'D', 86, 5),
(1164, '167', 'B', 86, 5),
(1165, '168', 'Vide', 86, 5),
(1166, '169', 'C', 86, 5),
(1167, '170', 'D', 86, 5),
(1168, '171', 'D', 86, 5),
(1169, '172', 'B', 86, 5),
(1170, '173', 'B', 86, 5),
(1171, '174', 'A', 86, 5),
(1172, '175', 'A', 86, 5),
(1173, '176', 'B', 86, 5),
(1174, '177', 'Vide', 86, 5),
(1175, '178', 'C', 86, 5),
(1176, '179', 'D', 86, 5),
(1177, '180', 'C', 86, 5),
(1178, '181', 'B', 86, 5),
(1179, '182', 'A', 86, 5),
(1180, '183', 'B', 86, 5),
(1181, '184', 'D', 86, 5),
(1182, '185', 'D', 86, 5),
(1183, '186', 'B', 86, 5),
(1184, '187', 'B', 86, 5),
(1185, '188', 'B', 86, 5),
(1186, '189', 'B', 86, 5),
(1187, '190', 'B', 86, 5),
(1188, '191', 'B', 86, 5),
(1189, '192', 'B', 86, 5),
(1190, '193', 'B', 86, 5),
(1191, '194', 'B', 86, 5),
(1192, '195', 'B', 86, 5),
(1193, '196', 'B', 86, 5),
(1194, '197', 'B', 86, 5),
(1195, '198', 'B', 86, 5),
(1196, '199', 'B', 86, 5),
(1197, 'Question 1', 'A', 86, 5),
(1198, 'Question 2', 'C', 86, 5),
(1199, 'Question 3', 'D', 86, 5),
(1200, 'Question 4', 'D', 86, 5),
(1201, 'Question 5', 'B', 86, 5),
(1202, 'Question 6', 'A', 86, 5),
(1203, 'Question 7', 'B', 86, 5),
(1204, 'Question 8', 'A', 86, 5),
(1205, 'Question 9', 'Multiples', 86, 5),
(1206, 'Question 10', 'B', 86, 5),
(1207, 'Question 11', 'A', 86, 5),
(1208, 'Question 12', 'B', 86, 5),
(1209, 'Question 13', 'C', 86, 5),
(1210, 'Question 14', 'B', 86, 5),
(1211, 'Question 15', 'A', 86, 5),
(1212, 'Question 16', 'A', 86, 5),
(1213, 'Question 17', 'Multiples', 86, 5),
(1214, 'Question 18', 'B', 86, 5),
(1215, 'Question 19', 'A', 86, 5),
(1216, 'Question 20', 'A', 86, 5),
(1217, 'Question 21', 'C', 86, 5),
(1218, 'Question 22', 'Multiples', 86, 5),
(1219, 'Question 23', 'C', 86, 5),
(1220, 'Question 24', 'C', 86, 5),
(1221, 'Question 25', 'Multiples', 86, 5),
(1222, 'Question 26', 'A', 86, 5),
(1223, 'Question 27', 'A', 86, 5),
(1224, 'Question 28', 'B', 86, 5),
(1225, 'Question 29', 'B', 86, 5),
(1226, 'Question 30', 'Multiples', 86, 5),
(1227, 'Question 31', 'C', 86, 5),
(1228, 'Question 32', 'D', 86, 5),
(1229, 'Question 33', 'C', 86, 5),
(1230, 'Question 34', 'A', 86, 5),
(1231, 'Question 35', 'D', 86, 5),
(1232, 'Question 36', 'B', 86, 5),
(1233, 'Question 37', 'Multiples', 86, 5),
(1234, 'Question 38', 'D', 86, 5),
(1235, 'Question 39', 'A', 86, 5),
(1236, 'Question 40', 'A', 86, 5),
(1237, 'Question 41', 'B', 86, 5),
(1238, 'Question 42', 'A', 86, 5),
(1239, 'Question 43', 'B', 86, 5),
(1240, 'Question 44', 'B', 86, 5),
(1241, 'Question 45', 'D', 86, 5),
(1242, 'Question 46', 'A', 86, 5),
(1243, 'Question 47', 'B', 86, 5),
(1244, 'Question 48', 'A', 86, 5),
(1245, 'Question 49', 'C', 86, 5),
(1246, 'Question 50', 'Multiples', 86, 5),
(1247, 'Question 51', 'A', 86, 5),
(1248, 'Question 52', 'D', 86, 5),
(1249, 'Question 53', 'C', 86, 5),
(1250, 'Question 54', 'D', 86, 5),
(1251, 'Question 55', 'Multiples', 86, 5),
(1252, 'Question 56', 'C', 86, 5),
(1253, 'Question 57', 'D', 86, 5),
(1254, 'Question 58', 'B', 86, 5),
(1255, 'Question 59', 'D', 86, 5),
(1256, 'Question 60', 'D', 86, 5),
(1257, 'Question 61', 'C', 86, 5),
(1258, 'Question 62', 'C', 86, 5),
(1259, 'Question 63', 'D', 86, 5),
(1260, 'Question 64', 'B', 86, 5),
(1261, 'Question 65', 'Multiples', 86, 5),
(1262, 'Question 66', 'B', 86, 5),
(1263, 'Question 67', 'B', 86, 5),
(1264, 'Question 68', 'B', 86, 5),
(1265, 'Question 69', 'A', 86, 5),
(1266, 'Question 70', 'B', 86, 5),
(1267, 'Question 71', 'C', 86, 5),
(1268, 'Question 72', 'A', 86, 5),
(1269, 'Question 73', 'B', 86, 5),
(1270, 'Question 74', 'A', 86, 5),
(1271, 'Question 75', 'D', 86, 5),
(1272, 'Question 76', 'Multiples', 86, 5),
(1273, 'Question 77', 'C', 86, 5),
(1274, 'Question 78', 'B', 86, 5),
(1275, 'Question 79', 'Multiples', 86, 5),
(1276, 'Question 80', 'B', 86, 5),
(1277, 'Question 81', 'D', 86, 5),
(1278, 'Question 82', 'B', 86, 5),
(1279, 'Question 83', 'D', 86, 5),
(1280, 'Question 84', 'C', 86, 5),
(1281, 'Question 85', 'B', 86, 5),
(1282, 'Question 86', 'Multiples', 86, 5),
(1283, 'Question 87', 'D', 86, 5),
(1284, 'Question 88', 'B', 86, 5),
(1285, 'Question 89', 'C', 86, 5),
(1286, 'Question 90', 'B', 86, 5),
(1287, 'Question 91', 'C', 86, 5),
(1288, 'Question 92', 'C', 86, 5),
(1289, 'Question 93', 'B', 86, 5),
(1290, 'Question 94', 'B', 86, 5),
(1291, 'Question 95', 'C', 86, 5),
(1292, 'Question 96', 'Multiples', 86, 5),
(1293, 'Question 97', 'A', 86, 5),
(1294, 'Question 98', 'B', 86, 5),
(1295, 'Question 99', 'A', 86, 5),
(1296, 'Question 100', 'Multiples', 86, 5),
(1297, 'Question 101', 'C', 86, 5),
(1298, 'Question 102', 'A', 86, 5),
(1299, 'Question 103', 'C', 86, 5),
(1300, 'Question 104', 'A', 86, 5),
(1301, 'Question 105', 'D', 86, 5),
(1302, 'Question 106', 'B', 86, 5),
(1303, 'Question 107', 'D', 86, 5),
(1304, 'Question 108', 'D', 86, 5),
(1305, 'Question 109', 'C', 86, 5),
(1306, 'Question 110', 'A', 86, 5),
(1307, 'Question 111', 'A', 86, 5),
(1308, 'Question 112', 'C', 86, 5),
(1309, 'Question 113', 'B', 86, 5),
(1310, 'Question 114', 'A', 86, 5),
(1311, 'Question 115', 'C', 86, 5),
(1312, 'Question 116', 'D', 86, 5),
(1313, 'Question 117', 'B', 86, 5),
(1314, 'Question 118', 'A', 86, 5),
(1315, 'Question 119', 'A', 86, 5),
(1316, 'Question 120', 'Multiples', 86, 5),
(1317, 'Question 121', 'A', 86, 5),
(1318, 'Question 122', 'D', 86, 5),
(1319, 'Question 123', 'B', 86, 5),
(1320, 'Question 124', 'A', 86, 5),
(1321, 'Question 125', 'D', 86, 5),
(1322, 'Question 126', 'D', 86, 5),
(1323, 'Question 127', 'B', 86, 5),
(1324, 'Question 128', 'B', 86, 5),
(1325, 'Question 129', 'A', 86, 5),
(1326, 'Question 130', 'D', 86, 5),
(1327, 'Question 131', 'A', 86, 5),
(1328, 'Question 132', 'A', 86, 5),
(1329, 'Question 133', 'D', 86, 5),
(1330, 'Question 134', 'Multiples', 86, 5),
(1331, 'Question 135', 'A', 86, 5),
(1332, 'Question 136', 'D', 86, 5),
(1333, 'Question 137', 'B', 86, 5),
(1334, 'Question 138', 'A', 86, 5),
(1335, 'Question 139', 'B', 86, 5),
(1336, 'Question 140', 'D', 86, 5),
(1337, 'Question 141', 'C', 86, 5),
(1338, 'Question 142', 'A', 86, 5),
(1339, 'Question 143', 'A', 86, 5),
(1340, 'Question 144', 'B', 86, 5),
(1341, 'Question 145', 'B', 86, 5),
(1342, 'Question 146', 'B', 86, 5),
(1343, 'Question 147', 'D', 86, 5),
(1344, 'Question 148', 'C', 86, 5),
(1345, 'Question 149', 'C', 86, 5),
(1346, 'Question 150', 'C', 86, 5),
(1347, 'Question 151', 'D', 86, 5),
(1348, 'Question 152', 'C', 86, 5),
(1349, 'Question 153', 'B', 86, 5),
(1350, 'Question 154', 'B', 86, 5),
(1351, 'Question 155', 'B', 86, 5),
(1352, 'Question 156', 'D', 86, 5),
(1353, 'Question 157', 'B', 86, 5),
(1354, 'Question 158', 'D', 86, 5),
(1355, 'Question 159', 'Multiples', 86, 5),
(1356, 'Question 160', 'C', 86, 5),
(1357, 'Question 161', 'Multiples', 86, 5),
(1358, 'Question 162', 'B', 86, 5),
(1359, 'Question 163', 'D', 86, 5),
(1360, 'Question 164', 'B', 86, 5),
(1361, 'Question 165', 'A', 86, 5),
(1362, 'Question 166', 'D', 86, 5),
(1363, 'Question 167', 'B', 86, 5),
(1364, 'Question 168', 'Multiples', 86, 5),
(1365, 'Question 169', 'C', 86, 5),
(1366, 'Question 170', 'D', 86, 5),
(1367, 'Question 171', 'D', 86, 5),
(1368, 'Question 172', 'B', 86, 5),
(1369, 'Question 173', 'B', 86, 5),
(1370, 'Question 174', 'A', 86, 5),
(1371, 'Question 175', 'A', 86, 5),
(1372, 'Question 176', 'B', 86, 5),
(1373, 'Question 177', 'B', 86, 5),
(1374, 'Question 178', 'C', 86, 5),
(1375, 'Question 179', 'D', 86, 5),
(1376, 'Question 180', 'C', 86, 5),
(1377, 'Question 181', 'B', 86, 5),
(1378, 'Question 182', 'A', 86, 5),
(1379, 'Question 183', 'B', 86, 5),
(1380, 'Question 184', 'D', 86, 5),
(1381, 'Question 185', 'D', 86, 5),
(1382, 'Question 186', 'B', 86, 5),
(1383, 'Question 187', 'B', 86, 5),
(1384, 'Question 188', 'B', 86, 5),
(1385, 'Question 189', 'B', 86, 5),
(1386, 'Question 190', 'B', 86, 5),
(1387, 'Question 191', 'B', 86, 5),
(1388, 'Question 192', 'B', 86, 5),
(1389, 'Question 193', 'B', 86, 5),
(1390, 'Question 194', 'B', 86, 5),
(1391, 'Question 195', 'B', 86, 5),
(1392, 'Question 196', 'B', 86, 5),
(1393, 'Question 197', 'B', 86, 5),
(1394, 'Question 198', 'B', 86, 5),
(1395, 'Question 199', 'B', 86, 5),
(1396, 'Question 1', 'A', 86, 5),
(1397, 'Question 2', 'C', 86, 5),
(1398, 'Question 3', 'D', 86, 5),
(1399, 'Question 4', 'D', 86, 5),
(1400, 'Question 5', 'B', 86, 5),
(1401, 'Question 6', 'A', 86, 5),
(1402, 'Question 7', 'B', 86, 5),
(1403, 'Question 8', 'A', 86, 5),
(1404, 'Question 9', 'Multiples', 86, 5),
(1405, 'Question 10', 'B', 86, 5),
(1406, 'Question 11', 'A', 86, 5),
(1407, 'Question 12', 'B', 86, 5),
(1408, 'Question 13', 'C', 86, 5),
(1409, 'Question 14', 'B', 86, 5),
(1410, 'Question 15', 'A', 86, 5),
(1411, 'Question 16', 'A', 86, 5),
(1412, 'Question 17', 'Multiples', 86, 5),
(1413, 'Question 18', 'B', 86, 5),
(1414, 'Question 19', 'A', 86, 5),
(1415, 'Question 20', 'A', 86, 5),
(1416, 'Question 21', 'C', 86, 5),
(1417, 'Question 22', 'Multiples', 86, 5),
(1418, 'Question 23', 'C', 86, 5),
(1419, 'Question 24', 'C', 86, 5),
(1420, 'Question 25', 'Multiples', 86, 5),
(1421, 'Question 26', 'A', 86, 5),
(1422, 'Question 27', 'A', 86, 5),
(1423, 'Question 28', 'B', 86, 5),
(1424, 'Question 29', 'B', 86, 5),
(1425, 'Question 30', 'Multiples', 86, 5),
(1426, 'Question 31', 'C', 86, 5),
(1427, 'Question 32', 'D', 86, 5),
(1428, 'Question 33', 'C', 86, 5),
(1429, 'Question 34', 'A', 86, 5),
(1430, 'Question 35', 'D', 86, 5),
(1431, 'Question 36', 'B', 86, 5),
(1432, 'Question 37', 'Multiples', 86, 5),
(1433, 'Question 38', 'D', 86, 5),
(1434, 'Question 39', 'A', 86, 5),
(1435, 'Question 40', 'A', 86, 5),
(1436, 'Question 41', 'B', 86, 5),
(1437, 'Question 42', 'A', 86, 5),
(1438, 'Question 43', 'B', 86, 5),
(1439, 'Question 44', 'B', 86, 5),
(1440, 'Question 45', 'D', 86, 5),
(1441, 'Question 46', 'A', 86, 5),
(1442, 'Question 47', 'B', 86, 5),
(1443, 'Question 48', 'A', 86, 5),
(1444, 'Question 49', 'C', 86, 5),
(1445, 'Question 50', 'Multiples', 86, 5),
(1446, 'Question 51', 'A', 86, 5),
(1447, 'Question 52', 'D', 86, 5),
(1448, 'Question 53', 'C', 86, 5),
(1449, 'Question 54', 'D', 86, 5),
(1450, 'Question 55', 'Multiples', 86, 5),
(1451, 'Question 56', 'C', 86, 5),
(1452, 'Question 57', 'D', 86, 5),
(1453, 'Question 58', 'B', 86, 5),
(1454, 'Question 59', 'D', 86, 5),
(1455, 'Question 60', 'D', 86, 5),
(1456, 'Question 61', 'C', 86, 5),
(1457, 'Question 62', 'C', 86, 5),
(1458, 'Question 63', 'D', 86, 5),
(1459, 'Question 64', 'B', 86, 5),
(1460, 'Question 65', 'Multiples', 86, 5),
(1461, 'Question 66', 'B', 86, 5),
(1462, 'Question 67', 'B', 86, 5),
(1463, 'Question 68', 'B', 86, 5),
(1464, 'Question 69', 'A', 86, 5),
(1465, 'Question 70', 'B', 86, 5),
(1466, 'Question 71', 'C', 86, 5),
(1467, 'Question 72', 'A', 86, 5),
(1468, 'Question 73', 'B', 86, 5),
(1469, 'Question 74', 'A', 86, 5),
(1470, 'Question 75', 'D', 86, 5),
(1471, 'Question 76', 'Multiples', 86, 5),
(1472, 'Question 77', 'C', 86, 5),
(1473, 'Question 78', 'B', 86, 5),
(1474, 'Question 79', 'Multiples', 86, 5),
(1475, 'Question 80', 'B', 86, 5),
(1476, 'Question 81', 'D', 86, 5),
(1477, 'Question 82', 'B', 86, 5),
(1478, 'Question 83', 'D', 86, 5),
(1479, 'Question 84', 'C', 86, 5),
(1480, 'Question 85', 'B', 86, 5),
(1481, 'Question 86', 'Multiples', 86, 5),
(1482, 'Question 87', 'D', 86, 5),
(1483, 'Question 88', 'B', 86, 5),
(1484, 'Question 89', 'C', 86, 5),
(1485, 'Question 90', 'Multiples', 86, 5),
(1486, 'Question 91', 'Multiples', 86, 5),
(1487, 'Question 92', 'Multiples', 86, 5),
(1488, 'Question 93', 'Multiples', 86, 5),
(1489, 'Question 94', 'B', 86, 5),
(1490, 'Question 95', 'C', 86, 5),
(1491, 'Question 96', 'Multiples', 86, 5),
(1492, 'Question 97', 'A', 86, 5),
(1493, 'Question 98', 'B', 86, 5),
(1494, 'Question 99', 'A', 86, 5),
(1495, 'Question 100', 'Multiples', 86, 5),
(1496, 'Question 101', 'C', 86, 5),
(1497, 'Question 102', 'A', 86, 5),
(1498, 'Question 103', 'C', 86, 5),
(1499, 'Question 104', 'A', 86, 5),
(1500, 'Question 105', 'D', 86, 5),
(1501, 'Question 106', 'B', 86, 5),
(1502, 'Question 107', 'D', 86, 5),
(1503, 'Question 108', 'D', 86, 5),
(1504, 'Question 109', 'C', 86, 5),
(1505, 'Question 110', 'A', 86, 5),
(1506, 'Question 111', 'A', 86, 5),
(1507, 'Question 112', 'C', 86, 5),
(1508, 'Question 113', 'B', 86, 5),
(1509, 'Question 114', 'A', 86, 5),
(1510, 'Question 115', 'C', 86, 5),
(1511, 'Question 116', 'D', 86, 5),
(1512, 'Question 117', 'B', 86, 5),
(1513, 'Question 118', 'A', 86, 5),
(1514, 'Question 119', 'A', 86, 5),
(1515, 'Question 120', 'Multiples', 86, 5),
(1516, 'Question 121', 'A', 86, 5),
(1517, 'Question 122', 'D', 86, 5),
(1518, 'Question 123', 'B', 86, 5),
(1519, 'Question 124', 'A', 86, 5),
(1520, 'Question 125', 'D', 86, 5),
(1521, 'Question 126', 'D', 86, 5),
(1522, 'Question 127', 'B', 86, 5),
(1523, 'Question 128', 'B', 86, 5),
(1524, 'Question 129', 'A', 86, 5),
(1525, 'Question 130', 'D', 86, 5),
(1526, 'Question 131', 'A', 86, 5),
(1527, 'Question 132', 'A', 86, 5),
(1528, 'Question 133', 'D', 86, 5),
(1529, 'Question 134', 'Multiples', 86, 5),
(1530, 'Question 135', 'A', 86, 5),
(1531, 'Question 136', 'D', 86, 5),
(1532, 'Question 137', 'B', 86, 5),
(1533, 'Question 138', 'A', 86, 5),
(1534, 'Question 139', 'B', 86, 5),
(1535, 'Question 140', 'D', 86, 5),
(1536, 'Question 141', 'C', 86, 5),
(1537, 'Question 142', 'A', 86, 5),
(1538, 'Question 143', 'A', 86, 5),
(1539, 'Question 144', 'B', 86, 5),
(1540, 'Question 145', 'B', 86, 5),
(1541, 'Question 146', 'B', 86, 5),
(1542, 'Question 147', 'D', 86, 5),
(1543, 'Question 148', 'C', 86, 5),
(1544, 'Question 149', 'C', 86, 5),
(1545, 'Question 150', 'C', 86, 5),
(1546, 'Question 151', 'D', 86, 5),
(1547, 'Question 152', 'C', 86, 5),
(1548, 'Question 153', 'B', 86, 5),
(1549, 'Question 154', 'B', 86, 5),
(1550, 'Question 155', 'B', 86, 5),
(1551, 'Question 156', 'D', 86, 5),
(1552, 'Question 157', 'B', 86, 5),
(1553, 'Question 158', 'D', 86, 5),
(1554, 'Question 159', 'Multiples', 86, 5),
(1555, 'Question 160', 'C', 86, 5),
(1556, 'Question 161', 'Multiples', 86, 5),
(1557, 'Question 162', 'B', 86, 5),
(1558, 'Question 163', 'D', 86, 5),
(1559, 'Question 164', 'B', 86, 5),
(1560, 'Question 165', 'A', 86, 5),
(1561, 'Question 166', 'D', 86, 5),
(1562, 'Question 167', 'B', 86, 5),
(1563, 'Question 168', 'Multiples', 86, 5),
(1564, 'Question 169', 'C', 86, 5),
(1565, 'Question 170', 'D', 86, 5),
(1566, 'Question 171', 'D', 86, 5),
(1567, 'Question 172', 'B', 86, 5),
(1568, 'Question 173', 'B', 86, 5),
(1569, 'Question 174', 'A', 86, 5),
(1570, 'Question 175', 'A', 86, 5),
(1571, 'Question 176', 'B', 86, 5),
(1572, 'Question 177', 'Multiples', 86, 5),
(1573, 'Question 178', 'C', 86, 5),
(1574, 'Question 179', 'D', 86, 5),
(1575, 'Question 180', 'C', 86, 5),
(1576, 'Question 181', 'B', 86, 5),
(1577, 'Question 182', 'A', 86, 5),
(1578, 'Question 183', 'B', 86, 5),
(1579, 'Question 184', 'D', 86, 5),
(1580, 'Question 185', 'D', 86, 5),
(1581, 'Question 186', 'B', 86, 5),
(1582, 'Question 187', 'B', 86, 5),
(1583, 'Question 188', 'B', 86, 5),
(1584, 'Question 189', 'B', 86, 5),
(1585, 'Question 190', 'B', 86, 5),
(1586, 'Question 191', 'B', 86, 5),
(1587, 'Question 192', 'B', 86, 5),
(1588, 'Question 193', 'B', 86, 5),
(1589, 'Question 194', 'B', 86, 5),
(1590, 'Question 195', 'B', 86, 5),
(1591, 'Question 196', 'B', 86, 5),
(1592, 'Question 197', 'B', 86, 5),
(1593, 'Question 198', 'B', 86, 5),
(1594, 'Question 199', 'B', 86, 5),
(1595, 'Question 1', 'A', 86, 5),
(1596, 'Question 2', 'C', 86, 5),
(1597, 'Question 3', 'D', 86, 5),
(1598, 'Question 4', 'D', 86, 5),
(1599, 'Question 5', 'B', 86, 5),
(1600, 'Question 6', 'A', 86, 5),
(1601, 'Question 7', 'B', 86, 5),
(1602, 'Question 8', 'A', 86, 5),
(1603, 'Question 9', 'Vide', 86, 5),
(1604, 'Question 10', 'B', 86, 5),
(1605, 'Question 11', 'A', 86, 5),
(1606, 'Question 12', 'B', 86, 5),
(1607, 'Question 13', 'C', 86, 5),
(1608, 'Question 14', 'B', 86, 5),
(1609, 'Question 15', 'Vide', 86, 5),
(1610, 'Question 16', 'A', 86, 5),
(1611, 'Question 17', 'Vide', 86, 5),
(1612, 'Question 18', 'Vide', 86, 5),
(1613, 'Question 19', 'Vide', 86, 5),
(1614, 'Question 20', 'A', 86, 5),
(1615, 'Question 21', 'C', 86, 5),
(1616, 'Question 22', 'Vide', 86, 5),
(1617, 'Question 23', 'C', 86, 5),
(1618, 'Question 24', 'Vide', 86, 5),
(1619, 'Question 25', 'Vide', 86, 5),
(1620, 'Question 26', 'Vide', 86, 5),
(1621, 'Question 27', 'Vide', 86, 5),
(1622, 'Question 28', 'Vide', 86, 5),
(1623, 'Question 29', 'Vide', 86, 5),
(1624, 'Question 30', 'Vide', 86, 5),
(1625, 'Question 31', 'Vide', 86, 5),
(1626, 'Question 32', 'D', 86, 5),
(1627, 'Question 33', 'C', 86, 5),
(1628, 'Question 34', 'A', 86, 5),
(1629, 'Question 35', 'D', 86, 5),
(1630, 'Question 36', 'B', 86, 5),
(1631, 'Question 37', 'Vide', 86, 5),
(1632, 'Question 38', 'D', 86, 5),
(1633, 'Question 39', 'Vide', 86, 5),
(1634, 'Question 40', 'A', 86, 5),
(1635, 'Question 41', 'Vide', 86, 5),
(1636, 'Question 42', 'A', 86, 5),
(1637, 'Question 43', 'B', 86, 5),
(1638, 'Question 44', 'B', 86, 5),
(1639, 'Question 45', 'D', 86, 5),
(1640, 'Question 46', 'A', 86, 5),
(1641, 'Question 47', 'B', 86, 5),
(1642, 'Question 48', 'A', 86, 5),
(1643, 'Question 49', 'C', 86, 5),
(1644, 'Question 50', 'Vide', 86, 5),
(1645, 'Question 51', 'A', 86, 5),
(1646, 'Question 52', 'Vide', 86, 5),
(1647, 'Question 53', 'C', 86, 5),
(1648, 'Question 54', 'D', 86, 5),
(1649, 'Question 55', 'Vide', 86, 5),
(1650, 'Question 56', 'C', 86, 5),
(1651, 'Question 57', 'D', 86, 5),
(1652, 'Question 58', 'B', 86, 5),
(1653, 'Question 59', 'Vide', 86, 5),
(1654, 'Question 60', 'Vide', 86, 5),
(1655, 'Question 61', 'Vide', 86, 5),
(1656, 'Question 62', 'Vide', 86, 5),
(1657, 'Question 63', 'Vide', 86, 5),
(1658, 'Question 64', 'B', 86, 5),
(1659, 'Question 65', 'Vide', 86, 5),
(1660, 'Question 66', 'Vide', 86, 5),
(1661, 'Question 67', 'Vide', 86, 5),
(1662, 'Question 68', 'B', 86, 5),
(1663, 'Question 69', 'Vide', 86, 5),
(1664, 'Question 70', 'Vide', 86, 5),
(1665, 'Question 71', 'Vide', 86, 5),
(1666, 'Question 72', 'Vide', 86, 5),
(1667, 'Question 73', 'Vide', 86, 5),
(1668, 'Question 74', 'A', 86, 5),
(1669, 'Question 75', 'D', 86, 5),
(1670, 'Question 76', 'Vide', 86, 5),
(1671, 'Question 77', 'C', 86, 5),
(1672, 'Question 78', 'B', 86, 5),
(1673, 'Question 79', 'Vide', 86, 5),
(1674, 'Question 80', 'B', 86, 5),
(1675, 'Question 81', 'D', 86, 5),
(1676, 'Question 82', 'B', 86, 5),
(1677, 'Question 83', 'D', 86, 5),
(1678, 'Question 84', 'C', 86, 5),
(1679, 'Question 85', 'Vide', 86, 5),
(1680, 'Question 86', 'Vide', 86, 5),
(1681, 'Question 87', 'Vide', 86, 5),
(1682, 'Question 88', 'B', 86, 5),
(1683, 'Question 89', 'Vide', 86, 5),
(1684, 'Question 90', 'Vide', 86, 5),
(1685, 'Question 91', 'Vide', 86, 5),
(1686, 'Question 92', 'Vide', 86, 5),
(1687, 'Question 93', 'Vide', 86, 5),
(1688, 'Question 94', 'Vide', 86, 5),
(1689, 'Question 95', 'Vide', 86, 5),
(1690, 'Question 96', 'Vide', 86, 5),
(1691, 'Question 97', 'Vide', 86, 5),
(1692, 'Question 98', 'Vide', 86, 5),
(1693, 'Question 99', 'Vide', 86, 5),
(1694, 'Question 100', 'Vide', 86, 5),
(1695, 'Question 101', 'C', 86, 5),
(1696, 'Question 102', 'A', 86, 5),
(1697, 'Question 103', 'C', 86, 5),
(1698, 'Question 104', 'A', 86, 5),
(1699, 'Question 105', 'D', 86, 5),
(1700, 'Question 106', 'B', 86, 5),
(1701, 'Question 107', 'D', 86, 5),
(1702, 'Question 108', 'D', 86, 5),
(1703, 'Question 109', 'C', 86, 5),
(1704, 'Question 110', 'A', 86, 5),
(1705, 'Question 111', 'A', 86, 5),
(1706, 'Question 112', 'Vide', 86, 5),
(1707, 'Question 113', 'Vide', 86, 5),
(1708, 'Question 114', 'A', 86, 5),
(1709, 'Question 115', 'Vide', 86, 5),
(1710, 'Question 116', 'D', 86, 5),
(1711, 'Question 117', 'B', 86, 5),
(1712, 'Question 118', 'Vide', 86, 5),
(1713, 'Question 119', 'Vide', 86, 5),
(1714, 'Question 120', 'Vide', 86, 5),
(1715, 'Question 121', 'A', 86, 5),
(1716, 'Question 122', 'Vide', 86, 5),
(1717, 'Question 123', 'B', 86, 5),
(1718, 'Question 124', 'A', 86, 5),
(1719, 'Question 125', 'D', 86, 5),
(1720, 'Question 126', 'D', 86, 5),
(1721, 'Question 127', 'B', 86, 5),
(1722, 'Question 128', 'Vide', 86, 5),
(1723, 'Question 129', 'Vide', 86, 5),
(1724, 'Question 130', 'D', 86, 5),
(1725, 'Question 131', 'A', 86, 5),
(1726, 'Question 132', 'Vide', 86, 5),
(1727, 'Question 133', 'D', 86, 5),
(1728, 'Question 134', 'Vide', 86, 5),
(1729, 'Question 135', 'A', 86, 5),
(1730, 'Question 136', 'D', 86, 5),
(1731, 'Question 137', 'Vide', 86, 5),
(1732, 'Question 138', 'Vide', 86, 5),
(1733, 'Question 139', 'Vide', 86, 5),
(1734, 'Question 140', 'D', 86, 5),
(1735, 'Question 141', 'C', 86, 5),
(1736, 'Question 142', 'A', 86, 5),
(1737, 'Question 143', 'Vide', 86, 5),
(1738, 'Question 144', 'Vide', 86, 5),
(1739, 'Question 145', 'B', 86, 5),
(1740, 'Question 146', 'Vide', 86, 5),
(1741, 'Question 147', 'D', 86, 5),
(1742, 'Question 148', 'C', 86, 5),
(1743, 'Question 149', 'C', 86, 5),
(1744, 'Question 150', 'C', 86, 5),
(1745, 'Question 151', 'D', 86, 5),
(1746, 'Question 152', 'C', 86, 5),
(1747, 'Question 153', 'B', 86, 5),
(1748, 'Question 154', 'Vide', 86, 5),
(1749, 'Question 155', 'B', 86, 5),
(1750, 'Question 156', 'D', 86, 5),
(1751, 'Question 157', 'B', 86, 5),
(1752, 'Question 158', 'D', 86, 5),
(1753, 'Question 159', 'Vide', 86, 5),
(1754, 'Question 160', 'C', 86, 5),
(1755, 'Question 161', 'Vide', 86, 5),
(1756, 'Question 162', 'B', 86, 5),
(1757, 'Question 163', 'D', 86, 5),
(1758, 'Question 164', 'B', 86, 5),
(1759, 'Question 165', 'A', 86, 5),
(1760, 'Question 166', 'Vide', 86, 5),
(1761, 'Question 167', 'B', 86, 5),
(1762, 'Question 168', 'Vide', 86, 5),
(1763, 'Question 169', 'C', 86, 5),
(1764, 'Question 170', 'D', 86, 5),
(1765, 'Question 171', 'Vide', 86, 5),
(1766, 'Question 172', 'B', 86, 5),
(1767, 'Question 173', 'B', 86, 5),
(1768, 'Question 174', 'A', 86, 5),
(1769, 'Question 175', 'A', 86, 5),
(1770, 'Question 176', 'B', 86, 5),
(1771, 'Question 177', 'Vide', 86, 5),
(1772, 'Question 178', 'C', 86, 5),
(1773, 'Question 179', 'D', 86, 5),
(1774, 'Question 180', 'C', 86, 5),
(1775, 'Question 181', 'B', 86, 5),
(1776, 'Question 182', 'A', 86, 5),
(1777, 'Question 183', 'B', 86, 5),
(1778, 'Question 184', 'D', 86, 5),
(1779, 'Question 185', 'D', 86, 5),
(1780, 'Question 186', 'B', 86, 5),
(1781, 'Question 187', 'B', 86, 5),
(1782, 'Question 188', 'B', 86, 5),
(1783, 'Question 189', 'B', 86, 5),
(1784, 'Question 190', 'B', 86, 5),
(1785, 'Question 191', 'B', 86, 5),
(1786, 'Question 192', 'B', 86, 5),
(1787, 'Question 193', 'B', 86, 5),
(1788, 'Question 194', 'B', 86, 5),
(1789, 'Question 195', 'B', 86, 5),
(1790, 'Question 196', 'B', 86, 5),
(1791, 'Question 197', 'B', 86, 5),
(1792, 'Question 198', 'B', 86, 5),
(1793, 'Question 199', 'B', 86, 5),
(1794, 'Question 1', 'A', 86, 5),
(1795, 'Question 2', 'C', 86, 5),
(1796, 'Question 3', 'D', 86, 5),
(1797, 'Question 4', 'D', 86, 5),
(1798, 'Question 5', 'B', 86, 5),
(1799, 'Question 6', 'A', 86, 5),
(1800, 'Question 7', 'B', 86, 5),
(1801, 'Question 8', 'A', 86, 5),
(1802, 'Question 9', 'Vide', 86, 5),
(1803, 'Question 10', 'B', 86, 5),
(1804, 'Question 11', 'A', 86, 5),
(1805, 'Question 12', 'B', 86, 5),
(1806, 'Question 13', 'C', 86, 5),
(1807, 'Question 14', 'B', 86, 5),
(1808, 'Question 15', 'A', 86, 5),
(1809, 'Question 16', 'A', 86, 5),
(1810, 'Question 17', 'Vide', 86, 5),
(1811, 'Question 18', 'Vide', 86, 5),
(1812, 'Question 19', 'A', 86, 5),
(1813, 'Question 20', 'A', 86, 5),
(1814, 'Question 21', 'C', 86, 5),
(1815, 'Question 22', 'Vide', 86, 5),
(1816, 'Question 23', 'C', 86, 5),
(1817, 'Question 24', 'C', 86, 5),
(1818, 'Question 25', 'Vide', 86, 5),
(1819, 'Question 26', 'A', 86, 5),
(1820, 'Question 27', 'A', 86, 5),
(1821, 'Question 28', 'B', 86, 5),
(1822, 'Question 29', 'B', 86, 5),
(1823, 'Question 30', 'Vide', 86, 5),
(1824, 'Question 31', 'C', 86, 5),
(1825, 'Question 32', 'D', 86, 5),
(1826, 'Question 33', 'C', 86, 5),
(1827, 'Question 34', 'A', 86, 5),
(1828, 'Question 35', 'D', 86, 5),
(1829, 'Question 36', 'B', 86, 5),
(1830, 'Question 37', 'Vide', 86, 5),
(1831, 'Question 38', 'D', 86, 5),
(1832, 'Question 39', 'A', 86, 5),
(1833, 'Question 40', 'A', 86, 5),
(1834, 'Question 41', 'B', 86, 5),
(1835, 'Question 42', 'A', 86, 5),
(1836, 'Question 43', 'B', 86, 5),
(1837, 'Question 44', 'B', 86, 5),
(1838, 'Question 45', 'D', 86, 5),
(1839, 'Question 46', 'A', 86, 5),
(1840, 'Question 47', 'B', 86, 5),
(1841, 'Question 48', 'A', 86, 5),
(1842, 'Question 49', 'C', 86, 5),
(1843, 'Question 50', 'Vide', 86, 5),
(1844, 'Question 51', 'A', 86, 5),
(1845, 'Question 52', 'D', 86, 5),
(1846, 'Question 53', 'C', 86, 5),
(1847, 'Question 54', 'D', 86, 5),
(1848, 'Question 55', 'Vide', 86, 5),
(1849, 'Question 56', 'C', 86, 5),
(1850, 'Question 57', 'D', 86, 5),
(1851, 'Question 58', 'B', 86, 5),
(1852, 'Question 59', 'D', 86, 5),
(1853, 'Question 60', 'D', 86, 5),
(1854, 'Question 61', 'C', 86, 5),
(1855, 'Question 62', 'C', 86, 5),
(1856, 'Question 63', 'D', 86, 5),
(1857, 'Question 64', 'B', 86, 5),
(1858, 'Question 65', 'Vide', 86, 5),
(1859, 'Question 66', 'B', 86, 5),
(1860, 'Question 67', 'B', 86, 5),
(1861, 'Question 68', 'B', 86, 5),
(1862, 'Question 69', 'A', 86, 5),
(1863, 'Question 70', 'B', 86, 5),
(1864, 'Question 71', 'Vide', 86, 5),
(1865, 'Question 72', 'A', 86, 5),
(1866, 'Question 73', 'B', 86, 5),
(1867, 'Question 74', 'A', 86, 5),
(1868, 'Question 75', 'D', 86, 5),
(1869, 'Question 76', 'Vide', 86, 5),
(1870, 'Question 77', 'C', 86, 5),
(1871, 'Question 78', 'B', 86, 5),
(1872, 'Question 79', 'Vide', 86, 5),
(1873, 'Question 80', 'B', 86, 5),
(1874, 'Question 81', 'D', 86, 5),
(1875, 'Question 82', 'B', 86, 5),
(1876, 'Question 83', 'D', 86, 5),
(1877, 'Question 84', 'C', 86, 5),
(1878, 'Question 85', 'B', 86, 5),
(1879, 'Question 86', 'Vide', 86, 5),
(1880, 'Question 87', 'D', 86, 5),
(1881, 'Question 88', 'B', 86, 5),
(1882, 'Question 89', 'Vide', 86, 5),
(1883, 'Question 90', 'Vide', 86, 5),
(1884, 'Question 91', 'Vide', 86, 5),
(1885, 'Question 92', 'Vide', 86, 5),
(1886, 'Question 93', 'Vide', 86, 5),
(1887, 'Question 94', 'B', 86, 5),
(1888, 'Question 95', 'C', 86, 5),
(1889, 'Question 96', 'Vide', 86, 5),
(1890, 'Question 97', 'Vide', 86, 5),
(1891, 'Question 98', 'Vide', 86, 5),
(1892, 'Question 99', 'A', 86, 5),
(1893, 'Question 100', 'Vide', 86, 5),
(1894, 'Question 101', 'C', 86, 5),
(1895, 'Question 102', 'A', 86, 5),
(1896, 'Question 103', 'C', 86, 5),
(1897, 'Question 104', 'A', 86, 5),
(1898, 'Question 105', 'D', 86, 5),
(1899, 'Question 106', 'B', 86, 5),
(1900, 'Question 107', 'D', 86, 5),
(1901, 'Question 108', 'D', 86, 5),
(1902, 'Question 109', 'C', 86, 5),
(1903, 'Question 110', 'A', 86, 5),
(1904, 'Question 111', 'A', 86, 5),
(1905, 'Question 112', 'C', 86, 5),
(1906, 'Question 113', 'B', 86, 5),
(1907, 'Question 114', 'A', 86, 5),
(1908, 'Question 115', 'C', 86, 5),
(1909, 'Question 116', 'D', 86, 5),
(1910, 'Question 117', 'B', 86, 5),
(1911, 'Question 118', 'A', 86, 5),
(1912, 'Question 119', 'A', 86, 5),
(1913, 'Question 120', 'Vide', 86, 5),
(1914, 'Question 121', 'A', 86, 5),
(1915, 'Question 122', 'D', 86, 5),
(1916, 'Question 123', 'B', 86, 5),
(1917, 'Question 124', 'A', 86, 5),
(1918, 'Question 125', 'D', 86, 5),
(1919, 'Question 126', 'D', 86, 5),
(1920, 'Question 127', 'B', 86, 5),
(1921, 'Question 128', 'B', 86, 5),
(1922, 'Question 129', 'A', 86, 5),
(1923, 'Question 130', 'D', 86, 5),
(1924, 'Question 131', 'A', 86, 5),
(1925, 'Question 132', 'A', 86, 5),
(1926, 'Question 133', 'D', 86, 5),
(1927, 'Question 134', 'Vide', 86, 5),
(1928, 'Question 135', 'A', 86, 5),
(1929, 'Question 136', 'D', 86, 5),
(1930, 'Question 137', 'B', 86, 5),
(1931, 'Question 138', 'A', 86, 5),
(1932, 'Question 139', 'B', 86, 5),
(1933, 'Question 140', 'D', 86, 5),
(1934, 'Question 141', 'C', 86, 5),
(1935, 'Question 142', 'A', 86, 5),
(1936, 'Question 143', 'A', 86, 5),
(1937, 'Question 144', 'Vide', 86, 5),
(1938, 'Question 145', 'B', 86, 5),
(1939, 'Question 146', 'B', 86, 5),
(1940, 'Question 147', 'D', 86, 5),
(1941, 'Question 148', 'C', 86, 5),
(1942, 'Question 149', 'C', 86, 5),
(1943, 'Question 150', 'C', 86, 5),
(1944, 'Question 151', 'D', 86, 5),
(1945, 'Question 152', 'C', 86, 5),
(1946, 'Question 153', 'B', 86, 5),
(1947, 'Question 154', 'B', 86, 5),
(1948, 'Question 155', 'B', 86, 5),
(1949, 'Question 156', 'D', 86, 5),
(1950, 'Question 157', 'B', 86, 5),
(1951, 'Question 158', 'D', 86, 5),
(1952, 'Question 159', 'Vide', 86, 5),
(1953, 'Question 160', 'C', 86, 5),
(1954, 'Question 161', 'Vide', 86, 5),
(1955, 'Question 162', 'B', 86, 5),
(1956, 'Question 163', 'D', 86, 5),
(1957, 'Question 164', 'B', 86, 5),
(1958, 'Question 165', 'A', 86, 5),
(1959, 'Question 166', 'D', 86, 5),
(1960, 'Question 167', 'B', 86, 5),
(1961, 'Question 168', 'Vide', 86, 5),
(1962, 'Question 169', 'C', 86, 5),
(1963, 'Question 170', 'D', 86, 5),
(1964, 'Question 171', 'D', 86, 5),
(1965, 'Question 172', 'B', 86, 5),
(1966, 'Question 173', 'B', 86, 5),
(1967, 'Question 174', 'A', 86, 5),
(1968, 'Question 175', 'A', 86, 5),
(1969, 'Question 176', 'B', 86, 5),
(1970, 'Question 177', 'Vide', 86, 5),
(1971, 'Question 178', 'C', 86, 5),
(1972, 'Question 179', 'D', 86, 5),
(1973, 'Question 180', 'C', 86, 5),
(1974, 'Question 181', 'B', 86, 5),
(1975, 'Question 182', 'A', 86, 5),
(1976, 'Question 183', 'B', 86, 5),
(1977, 'Question 184', 'D', 86, 5),
(1978, 'Question 185', 'D', 86, 5),
(1979, 'Question 186', 'B', 86, 5),
(1980, 'Question 187', 'B', 86, 5),
(1981, 'Question 188', 'B', 86, 5),
(1982, 'Question 189', 'B', 86, 5),
(1983, 'Question 190', 'B', 86, 5),
(1984, 'Question 191', 'B', 86, 5),
(1985, 'Question 192', 'B', 86, 5),
(1986, 'Question 193', 'B', 86, 5),
(1987, 'Question 194', 'B', 86, 5),
(1988, 'Question 195', 'B', 86, 5),
(1989, 'Question 196', 'B', 86, 5),
(1990, 'Question 197', 'B', 86, 5),
(1991, 'Question 198', 'B', 86, 5),
(1992, 'Question 199', 'B', 86, 5),
(1993, 'Question 1', 'A', 86, 5),
(1994, 'Question 2', 'C', 86, 5),
(1995, 'Question 3', 'D', 86, 5);
INSERT INTO `reponse_etudiant` (`id`, `num_question`, `choix`, `etudiant_id`, `test_id`) VALUES
(1996, 'Question 4', 'D', 86, 5),
(1997, 'Question 5', 'B', 86, 5),
(1998, 'Question 6', 'A', 86, 5),
(1999, 'Question 7', 'B', 86, 5),
(2000, 'Question 8', 'A', 86, 5),
(2001, 'Question 9', 'Multiples', 86, 5),
(2002, 'Question 10', 'B', 86, 5),
(2003, 'Question 11', 'A', 86, 5),
(2004, 'Question 12', 'B', 86, 5),
(2005, 'Question 13', 'C', 86, 5),
(2006, 'Question 14', 'B', 86, 5),
(2007, 'Question 15', 'A', 86, 5),
(2008, 'Question 16', 'A', 86, 5),
(2009, 'Question 17', 'Multiples', 86, 5),
(2010, 'Question 18', 'B', 86, 5),
(2011, 'Question 19', 'A', 86, 5),
(2012, 'Question 20', 'A', 86, 5),
(2013, 'Question 21', 'C', 86, 5),
(2014, 'Question 22', 'Multiples', 86, 5),
(2015, 'Question 23', 'C', 86, 5),
(2016, 'Question 24', 'C', 86, 5),
(2017, 'Question 25', 'Multiples', 86, 5),
(2018, 'Question 26', 'A', 86, 5),
(2019, 'Question 27', 'A', 86, 5),
(2020, 'Question 28', 'B', 86, 5),
(2021, 'Question 29', 'B', 86, 5),
(2022, 'Question 30', 'Multiples', 86, 5),
(2023, 'Question 31', 'C', 86, 5),
(2024, 'Question 32', 'D', 86, 5),
(2025, 'Question 33', 'C', 86, 5),
(2026, 'Question 34', 'A', 86, 5),
(2027, 'Question 35', 'D', 86, 5),
(2028, 'Question 36', 'B', 86, 5),
(2029, 'Question 37', 'Multiples', 86, 5),
(2030, 'Question 38', 'D', 86, 5),
(2031, 'Question 39', 'A', 86, 5),
(2032, 'Question 40', 'A', 86, 5),
(2033, 'Question 41', 'B', 86, 5),
(2034, 'Question 42', 'A', 86, 5),
(2035, 'Question 43', 'B', 86, 5),
(2036, 'Question 44', 'B', 86, 5),
(2037, 'Question 45', 'D', 86, 5),
(2038, 'Question 46', 'A', 86, 5),
(2039, 'Question 47', 'B', 86, 5),
(2040, 'Question 48', 'A', 86, 5),
(2041, 'Question 49', 'C', 86, 5),
(2042, 'Question 50', 'Multiples', 86, 5),
(2043, 'Question 51', 'A', 86, 5),
(2044, 'Question 52', 'D', 86, 5),
(2045, 'Question 53', 'C', 86, 5),
(2046, 'Question 54', 'D', 86, 5),
(2047, 'Question 55', 'Multiples', 86, 5),
(2048, 'Question 56', 'C', 86, 5),
(2049, 'Question 57', 'D', 86, 5),
(2050, 'Question 58', 'B', 86, 5),
(2051, 'Question 59', 'D', 86, 5),
(2052, 'Question 60', 'D', 86, 5),
(2053, 'Question 61', 'C', 86, 5),
(2054, 'Question 62', 'C', 86, 5),
(2055, 'Question 63', 'D', 86, 5),
(2056, 'Question 64', 'B', 86, 5),
(2057, 'Question 65', 'Multiples', 86, 5),
(2058, 'Question 66', 'B', 86, 5),
(2059, 'Question 67', 'B', 86, 5),
(2060, 'Question 68', 'B', 86, 5),
(2061, 'Question 69', 'A', 86, 5),
(2062, 'Question 70', 'B', 86, 5),
(2063, 'Question 71', 'C', 86, 5),
(2064, 'Question 72', 'A', 86, 5),
(2065, 'Question 73', 'B', 86, 5),
(2066, 'Question 74', 'A', 86, 5),
(2067, 'Question 75', 'D', 86, 5),
(2068, 'Question 76', 'Multiples', 86, 5),
(2069, 'Question 77', 'C', 86, 5),
(2070, 'Question 78', 'B', 86, 5),
(2071, 'Question 79', 'Multiples', 86, 5),
(2072, 'Question 80', 'B', 86, 5),
(2073, 'Question 81', 'D', 86, 5),
(2074, 'Question 82', 'B', 86, 5),
(2075, 'Question 83', 'D', 86, 5),
(2076, 'Question 84', 'C', 86, 5),
(2077, 'Question 85', 'B', 86, 5),
(2078, 'Question 86', 'Multiples', 86, 5),
(2079, 'Question 87', 'D', 86, 5),
(2080, 'Question 88', 'B', 86, 5),
(2081, 'Question 89', 'C', 86, 5),
(2082, 'Question 90', 'B', 86, 5),
(2083, 'Question 91', 'C', 86, 5),
(2084, 'Question 92', 'C', 86, 5),
(2085, 'Question 93', 'B', 86, 5),
(2086, 'Question 94', 'B', 86, 5),
(2087, 'Question 95', 'C', 86, 5),
(2088, 'Question 96', 'Multiples', 86, 5),
(2089, 'Question 97', 'A', 86, 5),
(2090, 'Question 98', 'B', 86, 5),
(2091, 'Question 99', 'A', 86, 5),
(2092, 'Question 100', 'Multiples', 86, 5),
(2093, 'Question 101', 'C', 86, 5),
(2094, 'Question 102', 'A', 86, 5),
(2095, 'Question 103', 'C', 86, 5),
(2096, 'Question 104', 'A', 86, 5),
(2097, 'Question 105', 'D', 86, 5),
(2098, 'Question 106', 'B', 86, 5),
(2099, 'Question 107', 'D', 86, 5),
(2100, 'Question 108', 'D', 86, 5),
(2101, 'Question 109', 'C', 86, 5),
(2102, 'Question 110', 'A', 86, 5),
(2103, 'Question 111', 'A', 86, 5),
(2104, 'Question 112', 'C', 86, 5),
(2105, 'Question 113', 'B', 86, 5),
(2106, 'Question 114', 'A', 86, 5),
(2107, 'Question 115', 'C', 86, 5),
(2108, 'Question 116', 'D', 86, 5),
(2109, 'Question 117', 'B', 86, 5),
(2110, 'Question 118', 'A', 86, 5),
(2111, 'Question 119', 'A', 86, 5),
(2112, 'Question 120', 'Multiples', 86, 5),
(2113, 'Question 121', 'A', 86, 5),
(2114, 'Question 122', 'D', 86, 5),
(2115, 'Question 123', 'B', 86, 5),
(2116, 'Question 124', 'A', 86, 5),
(2117, 'Question 125', 'D', 86, 5),
(2118, 'Question 126', 'D', 86, 5),
(2119, 'Question 127', 'B', 86, 5),
(2120, 'Question 128', 'B', 86, 5),
(2121, 'Question 129', 'A', 86, 5),
(2122, 'Question 130', 'D', 86, 5),
(2123, 'Question 131', 'A', 86, 5),
(2124, 'Question 132', 'A', 86, 5),
(2125, 'Question 133', 'D', 86, 5),
(2126, 'Question 134', 'Multiples', 86, 5),
(2127, 'Question 135', 'A', 86, 5),
(2128, 'Question 136', 'D', 86, 5),
(2129, 'Question 137', 'B', 86, 5),
(2130, 'Question 138', 'A', 86, 5),
(2131, 'Question 139', 'B', 86, 5),
(2132, 'Question 140', 'D', 86, 5),
(2133, 'Question 141', 'C', 86, 5),
(2134, 'Question 142', 'A', 86, 5),
(2135, 'Question 143', 'A', 86, 5),
(2136, 'Question 144', 'B', 86, 5),
(2137, 'Question 145', 'B', 86, 5),
(2138, 'Question 146', 'B', 86, 5),
(2139, 'Question 147', 'D', 86, 5),
(2140, 'Question 148', 'C', 86, 5),
(2141, 'Question 149', 'C', 86, 5),
(2142, 'Question 150', 'C', 86, 5),
(2143, 'Question 151', 'D', 86, 5),
(2144, 'Question 152', 'C', 86, 5),
(2145, 'Question 153', 'B', 86, 5),
(2146, 'Question 154', 'B', 86, 5),
(2147, 'Question 155', 'B', 86, 5),
(2148, 'Question 156', 'D', 86, 5),
(2149, 'Question 157', 'B', 86, 5),
(2150, 'Question 158', 'D', 86, 5),
(2151, 'Question 159', 'Multiples', 86, 5),
(2152, 'Question 160', 'C', 86, 5),
(2153, 'Question 161', 'Multiples', 86, 5),
(2154, 'Question 162', 'B', 86, 5),
(2155, 'Question 163', 'D', 86, 5),
(2156, 'Question 164', 'B', 86, 5),
(2157, 'Question 165', 'A', 86, 5),
(2158, 'Question 166', 'D', 86, 5),
(2159, 'Question 167', 'B', 86, 5),
(2160, 'Question 168', 'Multiples', 86, 5),
(2161, 'Question 169', 'C', 86, 5),
(2162, 'Question 170', 'D', 86, 5),
(2163, 'Question 171', 'D', 86, 5),
(2164, 'Question 172', 'B', 86, 5),
(2165, 'Question 173', 'B', 86, 5),
(2166, 'Question 174', 'A', 86, 5),
(2167, 'Question 175', 'A', 86, 5),
(2168, 'Question 176', 'B', 86, 5),
(2169, 'Question 177', 'B', 86, 5),
(2170, 'Question 178', 'C', 86, 5),
(2171, 'Question 179', 'D', 86, 5),
(2172, 'Question 180', 'C', 86, 5),
(2173, 'Question 181', 'B', 86, 5),
(2174, 'Question 182', 'A', 86, 5),
(2175, 'Question 183', 'B', 86, 5),
(2176, 'Question 184', 'D', 86, 5),
(2177, 'Question 185', 'D', 86, 5),
(2178, 'Question 186', 'B', 86, 5),
(2179, 'Question 187', 'B', 86, 5),
(2180, 'Question 188', 'B', 86, 5),
(2181, 'Question 189', 'B', 86, 5),
(2182, 'Question 190', 'B', 86, 5),
(2183, 'Question 191', 'B', 86, 5),
(2184, 'Question 192', 'B', 86, 5),
(2185, 'Question 193', 'B', 86, 5),
(2186, 'Question 194', 'B', 86, 5),
(2187, 'Question 195', 'B', 86, 5),
(2188, 'Question 196', 'B', 86, 5),
(2189, 'Question 197', 'B', 86, 5),
(2190, 'Question 198', 'B', 86, 5),
(2191, 'Question 199', 'B', 86, 5),
(2192, 'Question 1', 'A', 77, 5),
(2193, 'Question 2', 'C', 77, 5),
(2194, 'Question 3', 'D', 77, 5),
(2195, 'Question 4', 'D', 77, 5),
(2196, 'Question 5', 'B', 77, 5),
(2197, 'Question 6', 'A', 77, 5),
(2198, 'Question 7', 'B', 77, 5),
(2199, 'Question 8', 'A', 77, 5),
(2200, 'Question 9', 'C', 77, 5),
(2201, 'Question 10', 'B', 77, 5),
(2202, 'Question 11', 'A', 77, 5),
(2203, 'Question 12', 'B', 77, 5),
(2204, 'Question 13', 'C', 77, 5),
(2205, 'Question 14', 'B', 77, 5),
(2206, 'Question 15', 'A', 77, 5),
(2207, 'Question 16', 'A', 77, 5),
(2208, 'Question 17', 'C', 77, 5),
(2209, 'Question 18', 'Multiples', 77, 5),
(2210, 'Question 19', 'Multiples', 77, 5),
(2211, 'Question 20', 'A', 77, 5),
(2212, 'Question 21', 'C', 77, 5),
(2213, 'Question 22', 'B', 77, 5),
(2214, 'Question 23', 'Multiples', 77, 5),
(2215, 'Question 24', 'B', 77, 5),
(2216, 'Question 25', 'Multiples', 77, 5),
(2217, 'Question 26', 'A', 77, 5),
(2218, 'Question 27', 'A', 77, 5),
(2219, 'Question 28', 'C', 77, 5),
(2220, 'Question 29', 'Multiples', 77, 5),
(2221, 'Question 30', 'Multiples', 77, 5),
(2222, 'Question 31', 'Multiples', 77, 5),
(2223, 'Question 32', 'D', 77, 5),
(2224, 'Question 33', 'Multiples', 77, 5),
(2225, 'Question 34', 'A', 77, 5),
(2226, 'Question 35', 'Multiples', 77, 5),
(2227, 'Question 36', 'Multiples', 77, 5),
(2228, 'Question 37', 'Multiples', 77, 5),
(2229, 'Question 38', 'D', 77, 5),
(2230, 'Question 39', 'Multiples', 77, 5),
(2231, 'Question 40', 'Multiples', 77, 5),
(2232, 'Question 41', 'C', 77, 5),
(2233, 'Question 42', 'Multiples', 77, 5),
(2234, 'Question 43', 'Multiples', 77, 5),
(2235, 'Question 44', 'Multiples', 77, 5),
(2236, 'Question 45', 'Multiples', 77, 5),
(2237, 'Question 46', 'Multiples', 77, 5),
(2238, 'Question 47', 'Multiples', 77, 5),
(2239, 'Question 48', 'A', 77, 5),
(2240, 'Question 49', 'Multiples', 77, 5),
(2241, 'Question 50', 'B', 77, 5),
(2242, 'Question 51', 'A', 77, 5),
(2243, 'Question 52', 'Multiples', 77, 5),
(2244, 'Question 53', 'C', 77, 5),
(2245, 'Question 54', 'Multiples', 77, 5),
(2246, 'Question 55', 'Multiples', 77, 5),
(2247, 'Question 56', 'Multiples', 77, 5),
(2248, 'Question 57', 'D', 77, 5),
(2249, 'Question 58', 'B', 77, 5),
(2250, 'Question 59', 'Multiples', 77, 5),
(2251, 'Question 60', 'Multiples', 77, 5),
(2252, 'Question 61', 'Multiples', 77, 5),
(2253, 'Question 62', 'Multiples', 77, 5),
(2254, 'Question 63', 'Multiples', 77, 5),
(2255, 'Question 64', 'B', 77, 5),
(2256, 'Question 65', 'A', 77, 5),
(2257, 'Question 66', 'C', 77, 5),
(2258, 'Question 67', 'D', 77, 5),
(2259, 'Question 68', 'Multiples', 77, 5),
(2260, 'Question 69', 'A', 77, 5),
(2261, 'Question 70', 'Multiples', 77, 5),
(2262, 'Question 71', 'Multiples', 77, 5),
(2263, 'Question 72', 'A', 77, 5),
(2264, 'Question 73', 'B', 77, 5),
(2265, 'Question 74', 'A', 77, 5),
(2266, 'Question 75', 'Multiples', 77, 5),
(2267, 'Question 76', 'D', 77, 5),
(2268, 'Question 77', 'A', 77, 5),
(2269, 'Question 78', 'Multiples', 77, 5),
(2270, 'Question 79', 'A', 77, 5),
(2271, 'Question 80', 'B', 77, 5),
(2272, 'Question 81', 'D', 77, 5),
(2273, 'Question 82', 'B', 77, 5),
(2274, 'Question 83', 'D', 77, 5),
(2275, 'Question 84', 'Multiples', 77, 5),
(2276, 'Question 85', 'Multiples', 77, 5),
(2277, 'Question 86', 'A', 77, 5),
(2278, 'Question 87', 'Multiples', 77, 5),
(2279, 'Question 88', 'D', 77, 5),
(2280, 'Question 89', 'C', 77, 5),
(2281, 'Question 90', 'B', 77, 5),
(2282, 'Question 91', 'Multiples', 77, 5),
(2283, 'Question 92', 'Multiples', 77, 5),
(2284, 'Question 93', 'Multiples', 77, 5),
(2285, 'Question 94', 'B', 77, 5),
(2286, 'Question 95', 'B', 77, 5),
(2287, 'Question 96', 'Multiples', 77, 5),
(2288, 'Question 97', 'Multiples', 77, 5),
(2289, 'Question 98', 'Multiples', 77, 5),
(2290, 'Question 99', 'Multiples', 77, 5),
(2291, 'Question 100', 'Multiples', 77, 5),
(2292, 'Question 101', 'C', 77, 5),
(2293, 'Question 102', 'Multiples', 77, 5),
(2294, 'Question 103', 'C', 77, 5),
(2295, 'Question 104', 'A', 77, 5),
(2296, 'Question 105', 'D', 77, 5),
(2297, 'Question 106', 'Multiples', 77, 5),
(2298, 'Question 107', 'Multiples', 77, 5),
(2299, 'Question 108', 'Multiples', 77, 5),
(2300, 'Question 109', 'C', 77, 5),
(2301, 'Question 110', 'D', 77, 5),
(2302, 'Question 111', 'D', 77, 5),
(2303, 'Question 112', 'D', 77, 5),
(2304, 'Question 113', 'B', 77, 5),
(2305, 'Question 114', 'A', 77, 5),
(2306, 'Question 115', 'C', 77, 5),
(2307, 'Question 116', 'D', 77, 5),
(2308, 'Question 117', 'C', 77, 5),
(2309, 'Question 118', 'B', 77, 5),
(2310, 'Question 119', 'D', 77, 5),
(2311, 'Question 120', 'C', 77, 5),
(2312, 'Question 121', 'C', 77, 5),
(2313, 'Question 122', 'D', 77, 5),
(2314, 'Question 123', 'Multiples', 77, 5),
(2315, 'Question 124', 'A', 77, 5),
(2316, 'Question 125', 'D', 77, 5),
(2317, 'Question 126', 'D', 77, 5),
(2318, 'Question 127', 'Multiples', 77, 5),
(2319, 'Question 128', 'Multiples', 77, 5),
(2320, 'Question 129', 'D', 77, 5),
(2321, 'Question 130', 'Multiples', 77, 5),
(2322, 'Question 131', 'Multiples', 77, 5),
(2323, 'Question 132', 'Multiples', 77, 5),
(2324, 'Question 133', 'Multiples', 77, 5),
(2325, 'Question 134', 'Multiples', 77, 5),
(2326, 'Question 135', 'Multiples', 77, 5),
(2327, 'Question 136', 'C', 77, 5),
(2328, 'Question 137', 'Multiples', 77, 5),
(2329, 'Question 138', 'Multiples', 77, 5),
(2330, 'Question 139', 'Multiples', 77, 5),
(2331, 'Question 140', 'C', 77, 5),
(2332, 'Question 141', 'C', 77, 5),
(2333, 'Question 142', 'A', 77, 5),
(2334, 'Question 143', 'C', 77, 5),
(2335, 'Question 144', 'C', 77, 5),
(2336, 'Question 145', 'A', 77, 5),
(2337, 'Question 146', 'D', 77, 5),
(2338, 'Question 147', 'B', 77, 5),
(2339, 'Question 148', 'Multiples', 77, 5),
(2340, 'Question 149', 'C', 77, 5),
(2341, 'Question 150', 'C', 77, 5),
(2342, 'Question 151', 'D', 77, 5),
(2343, 'Question 152', 'C', 77, 5),
(2344, 'Question 153', 'B', 77, 5),
(2345, 'Question 154', 'B', 77, 5),
(2346, 'Question 155', 'D', 77, 5),
(2347, 'Question 156', 'D', 77, 5),
(2348, 'Question 157', 'D', 77, 5),
(2349, 'Question 158', 'D', 77, 5),
(2350, 'Question 159', 'B', 77, 5),
(2351, 'Question 160', 'C', 77, 5),
(2352, 'Question 161', 'B', 77, 5),
(2353, 'Question 162', 'D', 77, 5),
(2354, 'Question 163', 'B', 77, 5),
(2355, 'Question 164', 'A', 77, 5),
(2356, 'Question 165', 'D', 77, 5),
(2357, 'Question 166', 'B', 77, 5),
(2358, 'Question 167', 'Multiples', 77, 5),
(2359, 'Question 168', 'Multiples', 77, 5),
(2360, 'Question 169', 'Multiples', 77, 5),
(2361, 'Question 170', 'D', 77, 5),
(2362, 'Question 171', 'A', 77, 5),
(2363, 'Question 172', 'A', 77, 5),
(2364, 'Question 173', 'D', 77, 5),
(2365, 'Question 174', 'A', 77, 5),
(2366, 'Question 175', 'D', 77, 5),
(2367, 'Question 176', 'B', 77, 5),
(2368, 'Question 177', 'B', 77, 5),
(2369, 'Question 178', 'A', 77, 5),
(2370, 'Question 179', 'Multiples', 77, 5),
(2371, 'Question 180', 'C', 77, 5),
(2372, 'Question 181', 'Multiples', 77, 5),
(2373, 'Question 182', 'A', 77, 5),
(2374, 'Question 183', 'B', 77, 5),
(2375, 'Question 184', 'B', 77, 5),
(2376, 'Question 185', 'D', 77, 5),
(2377, 'Question 186', 'C', 77, 5),
(2378, 'Question 187', 'D', 77, 5),
(2379, 'Question 188', 'A', 77, 5),
(2380, 'Question 189', 'Multiples', 77, 5),
(2381, 'Question 190', 'A', 77, 5),
(2382, 'Question 191', 'D', 77, 5),
(2383, 'Question 192', 'B', 77, 5),
(2384, 'Question 193', 'B', 77, 5),
(2385, 'Question 194', 'D', 77, 5),
(2386, 'Question 195', 'A', 77, 5),
(2387, 'Question 196', 'A', 77, 5),
(2388, 'Question 197', 'B', 77, 5),
(2389, 'Question 198', 'A', 77, 5),
(2390, 'Question 199', 'A', 77, 5),
(2391, 'Question 1', 'B', 80, 5),
(2392, 'Question 2', 'Multiples', 80, 5),
(2393, 'Question 3', 'Multiples', 80, 5),
(2394, 'Question 4', 'D', 80, 5),
(2395, 'Question 5', 'B', 80, 5),
(2396, 'Question 6', 'A', 80, 5),
(2397, 'Question 7', 'B', 80, 5),
(2398, 'Question 8', 'A', 80, 5),
(2399, 'Question 9', 'Multiples', 80, 5),
(2400, 'Question 10', 'Multiples', 80, 5),
(2401, 'Question 11', 'A', 80, 5),
(2402, 'Question 12', 'C', 80, 5),
(2403, 'Question 13', 'C', 80, 5),
(2404, 'Question 14', 'A', 80, 5),
(2405, 'Question 15', 'A', 80, 5),
(2406, 'Question 16', 'A', 80, 5),
(2407, 'Question 17', 'C', 80, 5),
(2408, 'Question 18', 'B', 80, 5),
(2409, 'Question 19', 'C', 80, 5),
(2410, 'Question 20', 'A', 80, 5),
(2411, 'Question 21', 'Multiples', 80, 5),
(2412, 'Question 22', 'B', 80, 5),
(2413, 'Question 23', 'C', 80, 5),
(2414, 'Question 24', 'B', 80, 5),
(2415, 'Question 25', 'B', 80, 5),
(2416, 'Question 26', 'A', 80, 5),
(2417, 'Question 27', 'A', 80, 5),
(2418, 'Question 28', 'C', 80, 5),
(2419, 'Question 29', 'B', 80, 5),
(2420, 'Question 30', 'C', 80, 5),
(2421, 'Question 31', 'A', 80, 5),
(2422, 'Question 32', 'D', 80, 5),
(2423, 'Question 33', 'C', 80, 5),
(2424, 'Question 34', 'A', 80, 5),
(2425, 'Question 35', 'D', 80, 5),
(2426, 'Question 36', 'B', 80, 5),
(2427, 'Question 37', 'C', 80, 5),
(2428, 'Question 38', 'D', 80, 5),
(2429, 'Question 39', 'A', 80, 5),
(2430, 'Question 40', 'A', 80, 5),
(2431, 'Question 41', 'C', 80, 5),
(2432, 'Question 42', 'A', 80, 5),
(2433, 'Question 43', 'B', 80, 5),
(2434, 'Question 44', 'B', 80, 5),
(2435, 'Question 45', 'D', 80, 5),
(2436, 'Question 46', 'A', 80, 5),
(2437, 'Question 47', 'B', 80, 5),
(2438, 'Question 48', 'C', 80, 5),
(2439, 'Question 49', 'C', 80, 5),
(2440, 'Question 50', 'B', 80, 5),
(2441, 'Question 51', 'A', 80, 5),
(2442, 'Question 52', 'D', 80, 5),
(2443, 'Question 53', 'C', 80, 5),
(2444, 'Question 54', 'D', 80, 5),
(2445, 'Question 55', 'A', 80, 5),
(2446, 'Question 56', 'C', 80, 5),
(2447, 'Question 57', 'D', 80, 5),
(2448, 'Question 58', 'B', 80, 5),
(2449, 'Question 59', 'D', 80, 5),
(2450, 'Question 60', 'D', 80, 5),
(2451, 'Question 61', 'A', 80, 5),
(2452, 'Question 62', 'C', 80, 5),
(2453, 'Question 63', 'D', 80, 5),
(2454, 'Question 64', 'Multiples', 80, 5),
(2455, 'Question 65', 'A', 80, 5),
(2456, 'Question 66', 'C', 80, 5),
(2457, 'Question 67', 'D', 80, 5),
(2458, 'Question 68', 'B', 80, 5),
(2459, 'Question 69', 'D', 80, 5),
(2460, 'Question 70', 'B', 80, 5),
(2461, 'Question 71', 'D', 80, 5),
(2462, 'Question 72', 'A', 80, 5),
(2463, 'Question 73', 'B', 80, 5),
(2464, 'Question 74', 'A', 80, 5),
(2465, 'Question 75', 'Multiples', 80, 5),
(2466, 'Question 76', 'B', 80, 5),
(2467, 'Question 77', 'B', 80, 5),
(2468, 'Question 78', 'D', 80, 5),
(2469, 'Question 79', 'A', 80, 5),
(2470, 'Question 80', 'B', 80, 5),
(2471, 'Question 81', 'D', 80, 5),
(2472, 'Question 82', 'B', 80, 5),
(2473, 'Question 83', 'D', 80, 5),
(2474, 'Question 84', 'C', 80, 5),
(2475, 'Question 85', 'B', 80, 5),
(2476, 'Question 86', 'A', 80, 5),
(2477, 'Question 87', 'C', 80, 5),
(2478, 'Question 88', 'A', 80, 5),
(2479, 'Question 89', 'C', 80, 5),
(2480, 'Question 90', 'B', 80, 5),
(2481, 'Question 91', 'C', 80, 5),
(2482, 'Question 92', 'C', 80, 5),
(2483, 'Question 93', 'D', 80, 5),
(2484, 'Question 94', 'C', 80, 5),
(2485, 'Question 95', 'B', 80, 5),
(2486, 'Question 96', 'Multiples', 80, 5),
(2487, 'Question 97', 'A', 80, 5),
(2488, 'Question 98', 'A', 80, 5),
(2489, 'Question 99', 'D', 80, 5),
(2490, 'Question 100', 'Multiples', 80, 5),
(2491, 'Question 101', 'C', 80, 5),
(2492, 'Question 102', 'Multiples', 80, 5),
(2493, 'Question 103', 'C', 80, 5),
(2494, 'Question 104', 'A', 80, 5),
(2495, 'Question 105', 'D', 80, 5),
(2496, 'Question 106', 'B', 80, 5),
(2497, 'Question 107', 'D', 80, 5),
(2498, 'Question 108', 'Multiples', 80, 5),
(2499, 'Question 109', 'C', 80, 5),
(2500, 'Question 110', 'D', 80, 5),
(2501, 'Question 111', 'D', 80, 5),
(2502, 'Question 112', 'D', 80, 5),
(2503, 'Question 113', 'B', 80, 5),
(2504, 'Question 114', 'A', 80, 5),
(2505, 'Question 115', 'C', 80, 5),
(2506, 'Question 116', 'D', 80, 5),
(2507, 'Question 117', 'C', 80, 5),
(2508, 'Question 118', 'B', 80, 5),
(2509, 'Question 119', 'D', 80, 5),
(2510, 'Question 120', 'D', 80, 5),
(2511, 'Question 121', 'C', 80, 5),
(2512, 'Question 122', 'D', 80, 5),
(2513, 'Question 123', 'Multiples', 80, 5),
(2514, 'Question 124', 'Multiples', 80, 5),
(2515, 'Question 125', 'D', 80, 5),
(2516, 'Question 126', 'B', 80, 5),
(2517, 'Question 127', 'D', 80, 5),
(2518, 'Question 128', 'B', 80, 5),
(2519, 'Question 129', 'D', 80, 5),
(2520, 'Question 130', 'C', 80, 5),
(2521, 'Question 131', 'A', 80, 5),
(2522, 'Question 132', 'A', 80, 5),
(2523, 'Question 133', 'D', 80, 5),
(2524, 'Question 134', 'C', 80, 5),
(2525, 'Question 135', 'A', 80, 5),
(2526, 'Question 136', 'D', 80, 5),
(2527, 'Question 137', 'B', 80, 5),
(2528, 'Question 138', 'C', 80, 5),
(2529, 'Question 139', 'B', 80, 5),
(2530, 'Question 140', 'D', 80, 5),
(2531, 'Question 141', 'D', 80, 5),
(2532, 'Question 142', 'B', 80, 5),
(2533, 'Question 143', 'C', 80, 5),
(2534, 'Question 144', 'D', 80, 5),
(2535, 'Question 145', 'B', 80, 5),
(2536, 'Question 146', 'B', 80, 5),
(2537, 'Question 147', 'B', 80, 5),
(2538, 'Question 148', 'D', 80, 5),
(2539, 'Question 149', 'C', 80, 5),
(2540, 'Question 150', 'C', 80, 5),
(2541, 'Question 151', 'C', 80, 5),
(2542, 'Question 152', 'D', 80, 5),
(2543, 'Question 153', 'C', 80, 5),
(2544, 'Question 154', 'B', 80, 5),
(2545, 'Question 155', 'Multiples', 80, 5),
(2546, 'Question 156', 'D', 80, 5),
(2547, 'Question 157', 'D', 80, 5),
(2548, 'Question 158', 'A', 80, 5),
(2549, 'Question 159', 'D', 80, 5),
(2550, 'Question 160', 'B', 80, 5),
(2551, 'Question 161', 'C', 80, 5),
(2552, 'Question 162', 'B', 80, 5),
(2553, 'Question 163', 'D', 80, 5),
(2554, 'Question 164', 'B', 80, 5),
(2555, 'Question 165', 'Multiples', 80, 5),
(2556, 'Question 166', 'D', 80, 5),
(2557, 'Question 167', 'Multiples', 80, 5),
(2558, 'Question 168', 'B', 80, 5),
(2559, 'Question 169', 'C', 80, 5),
(2560, 'Question 170', 'C', 80, 5),
(2561, 'Question 171', 'D', 80, 5),
(2562, 'Question 172', 'B', 80, 5),
(2563, 'Question 173', 'B', 80, 5),
(2564, 'Question 174', 'D', 80, 5),
(2565, 'Question 175', 'A', 80, 5),
(2566, 'Question 176', 'D', 80, 5),
(2567, 'Question 177', 'B', 80, 5),
(2568, 'Question 178', 'B', 80, 5),
(2569, 'Question 179', 'B', 80, 5),
(2570, 'Question 180', 'D', 80, 5),
(2571, 'Question 181', 'C', 80, 5),
(2572, 'Question 182', 'B', 80, 5),
(2573, 'Question 183', 'A', 80, 5),
(2574, 'Question 184', 'Multiples', 80, 5),
(2575, 'Question 185', 'Multiples', 80, 5),
(2576, 'Question 186', 'D', 80, 5),
(2577, 'Question 187', 'C', 80, 5),
(2578, 'Question 188', 'D', 80, 5),
(2579, 'Question 189', 'A', 80, 5),
(2580, 'Question 190', 'B', 80, 5),
(2581, 'Question 191', 'B', 80, 5),
(2582, 'Question 192', 'D', 80, 5),
(2583, 'Question 193', 'C', 80, 5),
(2584, 'Question 194', 'B', 80, 5),
(2585, 'Question 195', 'D', 80, 5),
(2586, 'Question 196', 'A', 80, 5),
(2587, 'Question 197', 'A', 80, 5),
(2588, 'Question 198', 'B', 80, 5),
(2589, 'Question 199', 'C', 80, 5),
(2590, 'Question 200', 'C', 80, 5),
(2591, 'Question 1', 'A', 86, 5),
(2592, 'Question 2', 'C', 86, 5),
(2593, 'Question 3', 'D', 86, 5),
(2594, 'Question 4', 'D', 86, 5),
(2595, 'Question 5', 'B', 86, 5),
(2596, 'Question 6', 'A', 86, 5),
(2597, 'Question 7', 'B', 86, 5),
(2598, 'Question 8', 'A', 86, 5),
(2599, 'Question 9', 'Multiples', 86, 5),
(2600, 'Question 10', 'B', 86, 5),
(2601, 'Question 11', 'A', 86, 5),
(2602, 'Question 12', 'B', 86, 5),
(2603, 'Question 13', 'C', 86, 5),
(2604, 'Question 14', 'B', 86, 5),
(2605, 'Question 15', 'A', 86, 5),
(2606, 'Question 16', 'A', 86, 5),
(2607, 'Question 17', 'Multiples', 86, 5),
(2608, 'Question 18', 'B', 86, 5),
(2609, 'Question 19', 'Multiples', 86, 5),
(2610, 'Question 20', 'A', 86, 5),
(2611, 'Question 21', 'C', 86, 5),
(2612, 'Question 22', 'Multiples', 86, 5),
(2613, 'Question 23', 'C', 86, 5),
(2614, 'Question 24', 'Multiples', 86, 5),
(2615, 'Question 25', 'Vide', 86, 5),
(2616, 'Question 26', 'A', 86, 5),
(2617, 'Question 27', 'A', 86, 5),
(2618, 'Question 28', 'B', 86, 5),
(2619, 'Question 29', 'Multiples', 86, 5),
(2620, 'Question 30', 'Multiples', 86, 5),
(2621, 'Question 31', 'C', 86, 5),
(2622, 'Question 32', 'D', 86, 5),
(2623, 'Question 33', 'C', 86, 5),
(2624, 'Question 34', 'A', 86, 5),
(2625, 'Question 35', 'D', 86, 5),
(2626, 'Question 36', 'B', 86, 5),
(2627, 'Question 37', 'Multiples', 86, 5),
(2628, 'Question 38', 'D', 86, 5),
(2629, 'Question 39', 'A', 86, 5),
(2630, 'Question 40', 'A', 86, 5),
(2631, 'Question 41', 'B', 86, 5),
(2632, 'Question 42', 'A', 86, 5),
(2633, 'Question 43', 'B', 86, 5),
(2634, 'Question 44', 'B', 86, 5),
(2635, 'Question 45', 'D', 86, 5),
(2636, 'Question 46', 'A', 86, 5),
(2637, 'Question 47', 'B', 86, 5),
(2638, 'Question 48', 'A', 86, 5),
(2639, 'Question 49', 'C', 86, 5),
(2640, 'Question 50', 'Multiples', 86, 5),
(2641, 'Question 51', 'A', 86, 5),
(2642, 'Question 52', 'D', 86, 5),
(2643, 'Question 53', 'C', 86, 5),
(2644, 'Question 54', 'D', 86, 5),
(2645, 'Question 55', 'Multiples', 86, 5),
(2646, 'Question 56', 'C', 86, 5),
(2647, 'Question 57', 'D', 86, 5),
(2648, 'Question 58', 'B', 86, 5),
(2649, 'Question 59', 'D', 86, 5),
(2650, 'Question 60', 'D', 86, 5),
(2651, 'Question 61', 'C', 86, 5),
(2652, 'Question 62', 'C', 86, 5),
(2653, 'Question 63', 'D', 86, 5),
(2654, 'Question 64', 'B', 86, 5),
(2655, 'Question 65', 'Multiples', 86, 5),
(2656, 'Question 66', 'B', 86, 5),
(2657, 'Question 67', 'Multiples', 86, 5),
(2658, 'Question 68', 'B', 86, 5),
(2659, 'Question 69', 'A', 86, 5),
(2660, 'Question 70', 'B', 86, 5),
(2661, 'Question 71', 'Multiples', 86, 5),
(2662, 'Question 72', 'A', 86, 5),
(2663, 'Question 73', 'B', 86, 5),
(2664, 'Question 74', 'A', 86, 5),
(2665, 'Question 75', 'D', 86, 5),
(2666, 'Question 76', 'Multiples', 86, 5),
(2667, 'Question 77', 'C', 86, 5),
(2668, 'Question 78', 'B', 86, 5),
(2669, 'Question 79', 'Multiples', 86, 5),
(2670, 'Question 80', 'B', 86, 5),
(2671, 'Question 81', 'D', 86, 5),
(2672, 'Question 82', 'B', 86, 5),
(2673, 'Question 83', 'D', 86, 5),
(2674, 'Question 84', 'C', 86, 5),
(2675, 'Question 85', 'B', 86, 5),
(2676, 'Question 86', 'Multiples', 86, 5),
(2677, 'Question 87', 'Multiples', 86, 5),
(2678, 'Question 88', 'B', 86, 5),
(2679, 'Question 89', 'Multiples', 86, 5),
(2680, 'Question 90', 'B', 86, 5),
(2681, 'Question 91', 'Multiples', 86, 5),
(2682, 'Question 92', 'Multiples', 86, 5),
(2683, 'Question 93', 'Multiples', 86, 5),
(2684, 'Question 94', 'B', 86, 5),
(2685, 'Question 95', 'C', 86, 5),
(2686, 'Question 96', 'Multiples', 86, 5),
(2687, 'Question 97', 'Multiples', 86, 5),
(2688, 'Question 98', 'B', 86, 5),
(2689, 'Question 99', 'A', 86, 5),
(2690, 'Question 100', 'Multiples', 86, 5),
(2691, 'Question 101', 'C', 86, 5),
(2692, 'Question 102', 'A', 86, 5),
(2693, 'Question 103', 'C', 86, 5),
(2694, 'Question 104', 'A', 86, 5),
(2695, 'Question 105', 'D', 86, 5),
(2696, 'Question 106', 'B', 86, 5),
(2697, 'Question 107', 'D', 86, 5),
(2698, 'Question 108', 'D', 86, 5),
(2699, 'Question 109', 'C', 86, 5),
(2700, 'Question 110', 'A', 86, 5),
(2701, 'Question 111', 'A', 86, 5),
(2702, 'Question 112', 'C', 86, 5),
(2703, 'Question 113', 'B', 86, 5),
(2704, 'Question 114', 'A', 86, 5),
(2705, 'Question 115', 'C', 86, 5),
(2706, 'Question 116', 'D', 86, 5),
(2707, 'Question 117', 'B', 86, 5),
(2708, 'Question 118', 'A', 86, 5),
(2709, 'Question 119', 'A', 86, 5),
(2710, 'Question 120', 'Multiples', 86, 5),
(2711, 'Question 121', 'A', 86, 5),
(2712, 'Question 122', 'D', 86, 5),
(2713, 'Question 123', 'B', 86, 5),
(2714, 'Question 124', 'A', 86, 5),
(2715, 'Question 125', 'D', 86, 5),
(2716, 'Question 126', 'D', 86, 5),
(2717, 'Question 127', 'B', 86, 5),
(2718, 'Question 128', 'B', 86, 5),
(2719, 'Question 129', 'A', 86, 5),
(2720, 'Question 130', 'D', 86, 5),
(2721, 'Question 131', 'A', 86, 5),
(2722, 'Question 132', 'A', 86, 5),
(2723, 'Question 133', 'D', 86, 5),
(2724, 'Question 134', 'Multiples', 86, 5),
(2725, 'Question 135', 'A', 86, 5),
(2726, 'Question 136', 'D', 86, 5),
(2727, 'Question 137', 'Multiples', 86, 5),
(2728, 'Question 138', 'A', 86, 5),
(2729, 'Question 139', 'B', 86, 5),
(2730, 'Question 140', 'D', 86, 5),
(2731, 'Question 141', 'C', 86, 5),
(2732, 'Question 142', 'A', 86, 5),
(2733, 'Question 143', 'A', 86, 5),
(2734, 'Question 144', 'Multiples', 86, 5),
(2735, 'Question 145', 'B', 86, 5),
(2736, 'Question 146', 'B', 86, 5),
(2737, 'Question 147', 'D', 86, 5),
(2738, 'Question 148', 'C', 86, 5),
(2739, 'Question 149', 'C', 86, 5),
(2740, 'Question 150', 'C', 86, 5),
(2741, 'Question 151', 'D', 86, 5),
(2742, 'Question 152', 'C', 86, 5),
(2743, 'Question 153', 'B', 86, 5),
(2744, 'Question 154', 'B', 86, 5),
(2745, 'Question 155', 'B', 86, 5),
(2746, 'Question 156', 'D', 86, 5),
(2747, 'Question 157', 'B', 86, 5),
(2748, 'Question 158', 'D', 86, 5),
(2749, 'Question 159', 'Multiples', 86, 5),
(2750, 'Question 160', 'C', 86, 5),
(2751, 'Question 161', 'Multiples', 86, 5),
(2752, 'Question 162', 'B', 86, 5),
(2753, 'Question 163', 'D', 86, 5),
(2754, 'Question 164', 'B', 86, 5),
(2755, 'Question 165', 'A', 86, 5),
(2756, 'Question 166', 'D', 86, 5),
(2757, 'Question 167', 'B', 86, 5),
(2758, 'Question 168', 'B', 86, 5),
(2759, 'Question 169', 'C', 86, 5),
(2760, 'Question 170', 'D', 86, 5),
(2761, 'Question 171', 'D', 86, 5),
(2762, 'Question 172', 'B', 86, 5),
(2763, 'Question 173', 'B', 86, 5),
(2764, 'Question 174', 'A', 86, 5),
(2765, 'Question 175', 'A', 86, 5),
(2766, 'Question 176', 'B', 86, 5),
(2767, 'Question 177', 'B', 86, 5),
(2768, 'Question 178', 'C', 86, 5),
(2769, 'Question 179', 'D', 86, 5),
(2770, 'Question 180', 'C', 86, 5),
(2771, 'Question 181', 'B', 86, 5),
(2772, 'Question 182', 'A', 86, 5),
(2773, 'Question 183', 'B', 86, 5),
(2774, 'Question 184', 'D', 86, 5),
(2775, 'Question 185', 'D', 86, 5),
(2776, 'Question 186', 'B', 86, 5),
(2777, 'Question 187', 'B', 86, 5),
(2778, 'Question 188', 'B', 86, 5),
(2779, 'Question 189', 'B', 86, 5),
(2780, 'Question 190', 'B', 86, 5),
(2781, 'Question 191', 'B', 86, 5),
(2782, 'Question 192', 'B', 86, 5),
(2783, 'Question 193', 'B', 86, 5),
(2784, 'Question 194', 'B', 86, 5),
(2785, 'Question 195', 'B', 86, 5),
(2786, 'Question 196', 'B', 86, 5),
(2787, 'Question 197', 'B', 86, 5),
(2788, 'Question 198', 'B', 86, 5),
(2789, 'Question 199', 'B', 86, 5),
(2790, 'Question 1', 'Multiples', 77, 5),
(2791, 'Question 2', 'Multiples', 77, 5),
(2792, 'Question 3', 'Multiples', 77, 5),
(2793, 'Question 4', 'Multiples', 77, 5),
(2794, 'Question 5', 'Multiples', 77, 5),
(2795, 'Question 6', 'Multiples', 77, 5),
(2796, 'Question 7', 'Multiples', 77, 5),
(2797, 'Question 8', 'A', 77, 5),
(2798, 'Question 9', 'Multiples', 77, 5),
(2799, 'Question 10', 'Multiples', 77, 5),
(2800, 'Question 11', 'Multiples', 77, 5),
(2801, 'Question 12', 'B', 77, 5),
(2802, 'Question 13', 'Multiples', 77, 5),
(2803, 'Question 14', 'Multiples', 77, 5),
(2804, 'Question 15', 'Multiples', 77, 5),
(2805, 'Question 16', 'Multiples', 77, 5),
(2806, 'Question 17', 'Multiples', 77, 5),
(2807, 'Question 18', 'Multiples', 77, 5),
(2808, 'Question 19', 'Multiples', 77, 5),
(2809, 'Question 20', 'Multiples', 77, 5),
(2810, 'Question 21', 'C', 77, 5),
(2811, 'Question 22', 'Multiples', 77, 5),
(2812, 'Question 23', 'Multiples', 77, 5),
(2813, 'Question 24', 'Multiples', 77, 5),
(2814, 'Question 25', 'Multiples', 77, 5),
(2815, 'Question 26', 'A', 77, 5),
(2816, 'Question 27', 'Multiples', 77, 5),
(2817, 'Question 28', 'Multiples', 77, 5),
(2818, 'Question 29', 'Multiples', 77, 5),
(2819, 'Question 30', 'Multiples', 77, 5),
(2820, 'Question 31', 'Multiples', 77, 5),
(2821, 'Question 32', 'Multiples', 77, 5),
(2822, 'Question 33', 'Multiples', 77, 5),
(2823, 'Question 34', 'Multiples', 77, 5),
(2824, 'Question 35', 'Multiples', 77, 5),
(2825, 'Question 36', 'Multiples', 77, 5),
(2826, 'Question 37', 'Multiples', 77, 5),
(2827, 'Question 38', 'Multiples', 77, 5),
(2828, 'Question 39', 'Multiples', 77, 5),
(2829, 'Question 40', 'Multiples', 77, 5),
(2830, 'Question 41', 'Multiples', 77, 5),
(2831, 'Question 42', 'Multiples', 77, 5),
(2832, 'Question 43', 'Multiples', 77, 5),
(2833, 'Question 44', 'Multiples', 77, 5),
(2834, 'Question 45', 'Multiples', 77, 5),
(2835, 'Question 46', 'Multiples', 77, 5),
(2836, 'Question 47', 'Multiples', 77, 5),
(2837, 'Question 48', 'Multiples', 77, 5),
(2838, 'Question 49', 'Multiples', 77, 5),
(2839, 'Question 50', 'B', 77, 5),
(2840, 'Question 51', 'Multiples', 77, 5),
(2841, 'Question 52', 'Multiples', 77, 5),
(2842, 'Question 53', 'Multiples', 77, 5),
(2843, 'Question 54', 'Multiples', 77, 5),
(2844, 'Question 55', 'Multiples', 77, 5),
(2845, 'Question 56', 'Multiples', 77, 5),
(2846, 'Question 57', 'Multiples', 77, 5),
(2847, 'Question 58', 'Multiples', 77, 5),
(2848, 'Question 59', 'Multiples', 77, 5),
(2849, 'Question 60', 'Multiples', 77, 5),
(2850, 'Question 61', 'Multiples', 77, 5),
(2851, 'Question 62', 'Multiples', 77, 5),
(2852, 'Question 63', 'D', 77, 5),
(2853, 'Question 64', 'Multiples', 77, 5),
(2854, 'Question 65', 'A', 77, 5),
(2855, 'Question 66', 'Multiples', 77, 5),
(2856, 'Question 67', 'D', 77, 5),
(2857, 'Question 68', 'Multiples', 77, 5),
(2858, 'Question 69', 'Multiples', 77, 5),
(2859, 'Question 70', 'Multiples', 77, 5),
(2860, 'Question 71', 'Multiples', 77, 5),
(2861, 'Question 72', 'Multiples', 77, 5),
(2862, 'Question 73', 'Multiples', 77, 5),
(2863, 'Question 74', 'Multiples', 77, 5),
(2864, 'Question 75', 'Multiples', 77, 5),
(2865, 'Question 76', 'D', 77, 5),
(2866, 'Question 77', 'A', 77, 5),
(2867, 'Question 78', 'Multiples', 77, 5),
(2868, 'Question 79', 'A', 77, 5),
(2869, 'Question 80', 'B', 77, 5),
(2870, 'Question 81', 'Multiples', 77, 5),
(2871, 'Question 82', 'Multiples', 77, 5),
(2872, 'Question 83', 'Multiples', 77, 5),
(2873, 'Question 84', 'Multiples', 77, 5),
(2874, 'Question 85', 'Multiples', 77, 5),
(2875, 'Question 86', 'Multiples', 77, 5),
(2876, 'Question 87', 'Multiples', 77, 5),
(2877, 'Question 88', 'Multiples', 77, 5),
(2878, 'Question 89', 'Multiples', 77, 5),
(2879, 'Question 90', 'Multiples', 77, 5),
(2880, 'Question 91', 'Multiples', 77, 5),
(2881, 'Question 92', 'Multiples', 77, 5),
(2882, 'Question 93', 'Multiples', 77, 5),
(2883, 'Question 94', 'Multiples', 77, 5),
(2884, 'Question 95', 'Multiples', 77, 5),
(2885, 'Question 96', 'Multiples', 77, 5),
(2886, 'Question 97', 'Multiples', 77, 5),
(2887, 'Question 98', 'A', 77, 5),
(2888, 'Question 99', 'Multiples', 77, 5),
(2889, 'Question 100', 'Multiples', 77, 5),
(2890, 'Question 101', 'Multiples', 77, 5),
(2891, 'Question 102', 'Multiples', 77, 5),
(2892, 'Question 103', 'C', 77, 5),
(2893, 'Question 104', 'A', 77, 5),
(2894, 'Question 105', 'D', 77, 5),
(2895, 'Question 106', 'Multiples', 77, 5),
(2896, 'Question 107', 'Multiples', 77, 5),
(2897, 'Question 108', 'Multiples', 77, 5),
(2898, 'Question 109', 'Multiples', 77, 5),
(2899, 'Question 110', 'D', 77, 5),
(2900, 'Question 111', 'D', 77, 5),
(2901, 'Question 112', 'Multiples', 77, 5),
(2902, 'Question 113', 'B', 77, 5),
(2903, 'Question 114', 'Multiples', 77, 5),
(2904, 'Question 115', 'Multiples', 77, 5),
(2905, 'Question 116', 'Multiples', 77, 5),
(2906, 'Question 117', 'C', 77, 5),
(2907, 'Question 118', 'Multiples', 77, 5),
(2908, 'Question 119', 'D', 77, 5),
(2909, 'Question 120', 'Multiples', 77, 5),
(2910, 'Question 121', 'Multiples', 77, 5),
(2911, 'Question 122', 'D', 77, 5),
(2912, 'Question 123', 'Multiples', 77, 5),
(2913, 'Question 124', 'A', 77, 5),
(2914, 'Question 125', 'D', 77, 5),
(2915, 'Question 126', 'D', 77, 5),
(2916, 'Question 127', 'Multiples', 77, 5),
(2917, 'Question 128', 'Multiples', 77, 5),
(2918, 'Question 129', 'Multiples', 77, 5),
(2919, 'Question 130', 'Multiples', 77, 5),
(2920, 'Question 131', 'Multiples', 77, 5),
(2921, 'Question 132', 'C', 77, 5),
(2922, 'Question 133', 'C', 77, 5),
(2923, 'Question 134', 'Multiples', 77, 5),
(2924, 'Question 135', 'Multiples', 77, 5),
(2925, 'Question 136', 'Multiples', 77, 5),
(2926, 'Question 137', 'Multiples', 77, 5),
(2927, 'Question 138', 'Multiples', 77, 5),
(2928, 'Question 139', 'Multiples', 77, 5),
(2929, 'Question 140', 'Multiples', 77, 5),
(2930, 'Question 141', 'Multiples', 77, 5),
(2931, 'Question 142', 'Multiples', 77, 5),
(2932, 'Question 143', 'C', 77, 5),
(2933, 'Question 144', 'C', 77, 5),
(2934, 'Question 145', 'Multiples', 77, 5),
(2935, 'Question 146', 'Multiples', 77, 5),
(2936, 'Question 147', 'B', 77, 5),
(2937, 'Question 148', 'Multiples', 77, 5),
(2938, 'Question 149', 'Multiples', 77, 5),
(2939, 'Question 150', 'Multiples', 77, 5),
(2940, 'Question 151', 'Multiples', 77, 5),
(2941, 'Question 152', 'Multiples', 77, 5),
(2942, 'Question 153', 'B', 77, 5),
(2943, 'Question 154', 'B', 77, 5),
(2944, 'Question 155', 'Multiples', 77, 5),
(2945, 'Question 156', 'Multiples', 77, 5),
(2946, 'Question 157', 'Multiples', 77, 5),
(2947, 'Question 158', 'D', 77, 5),
(2948, 'Question 159', 'Multiples', 77, 5),
(2949, 'Question 160', 'Multiples', 77, 5),
(2950, 'Question 161', 'Multiples', 77, 5),
(2951, 'Question 162', 'Multiples', 77, 5),
(2952, 'Question 163', 'Multiples', 77, 5),
(2953, 'Question 164', 'Multiples', 77, 5),
(2954, 'Question 165', 'D', 77, 5),
(2955, 'Question 166', 'Multiples', 77, 5),
(2956, 'Question 167', 'Multiples', 77, 5),
(2957, 'Question 168', 'Multiples', 77, 5),
(2958, 'Question 169', 'C', 77, 5),
(2959, 'Question 170', 'D', 77, 5),
(2960, 'Question 171', 'A', 77, 5),
(2961, 'Question 172', 'Multiples', 77, 5),
(2962, 'Question 173', 'Multiples', 77, 5),
(2963, 'Question 174', 'A', 77, 5),
(2964, 'Question 175', 'Multiples', 77, 5),
(2965, 'Question 176', 'Multiples', 77, 5),
(2966, 'Question 177', 'Multiples', 77, 5),
(2967, 'Question 178', 'A', 77, 5),
(2968, 'Question 179', 'Multiples', 77, 5),
(2969, 'Question 180', 'C', 77, 5),
(2970, 'Question 181', 'Multiples', 77, 5),
(2971, 'Question 182', 'Multiples', 77, 5),
(2972, 'Question 183', 'B', 77, 5),
(2973, 'Question 184', 'B', 77, 5),
(2974, 'Question 185', 'Multiples', 77, 5),
(2975, 'Question 186', 'C', 77, 5),
(2976, 'Question 187', 'Multiples', 77, 5),
(2977, 'Question 188', 'Multiples', 77, 5),
(2978, 'Question 189', 'Multiples', 77, 5),
(2979, 'Question 190', 'A', 77, 5),
(2980, 'Question 191', 'Multiples', 77, 5),
(2981, 'Question 192', 'B', 77, 5),
(2982, 'Question 193', 'B', 77, 5),
(2983, 'Question 194', 'Multiples', 77, 5),
(2984, 'Question 195', 'Multiples', 77, 5),
(2985, 'Question 196', 'Multiples', 77, 5),
(2986, 'Question 197', 'Multiples', 77, 5),
(2987, 'Question 198', 'Multiples', 77, 5),
(2988, 'Question 199', 'Multiples', 77, 5),
(2989, 'Question 1', 'B', 80, 5),
(2990, 'Question 2', 'A', 80, 5),
(2991, 'Question 3', 'C', 80, 5),
(2992, 'Question 4', 'D', 80, 5),
(2993, 'Question 5', 'B', 80, 5),
(2994, 'Question 6', 'A', 80, 5),
(2995, 'Question 7', 'B', 80, 5),
(2996, 'Question 8', 'A', 80, 5),
(2997, 'Question 9', 'Multiples', 80, 5),
(2998, 'Question 10', 'Multiples', 80, 5),
(2999, 'Question 11', 'A', 80, 5),
(3000, 'Question 12', 'C', 80, 5),
(3001, 'Question 13', 'C', 80, 5),
(3002, 'Question 14', 'A', 80, 5),
(3003, 'Question 15', 'A', 80, 5),
(3004, 'Question 16', 'A', 80, 5),
(3005, 'Question 17', 'C', 80, 5),
(3006, 'Question 18', 'B', 80, 5),
(3007, 'Question 19', 'C', 80, 5),
(3008, 'Question 20', 'A', 80, 5),
(3009, 'Question 21', 'Multiples', 80, 5),
(3010, 'Question 22', 'B', 80, 5),
(3011, 'Question 23', 'C', 80, 5),
(3012, 'Question 24', 'B', 80, 5),
(3013, 'Question 25', 'B', 80, 5),
(3014, 'Question 26', 'A', 80, 5),
(3015, 'Question 27', 'A', 80, 5),
(3016, 'Question 28', 'C', 80, 5),
(3017, 'Question 29', 'B', 80, 5),
(3018, 'Question 30', 'C', 80, 5),
(3019, 'Question 31', 'A', 80, 5),
(3020, 'Question 32', 'D', 80, 5),
(3021, 'Question 33', 'C', 80, 5),
(3022, 'Question 34', 'A', 80, 5),
(3023, 'Question 35', 'D', 80, 5),
(3024, 'Question 36', 'B', 80, 5),
(3025, 'Question 37', 'C', 80, 5),
(3026, 'Question 38', 'D', 80, 5),
(3027, 'Question 39', 'A', 80, 5),
(3028, 'Question 40', 'A', 80, 5),
(3029, 'Question 41', 'C', 80, 5),
(3030, 'Question 42', 'A', 80, 5),
(3031, 'Question 43', 'B', 80, 5),
(3032, 'Question 44', 'B', 80, 5),
(3033, 'Question 45', 'D', 80, 5),
(3034, 'Question 46', 'A', 80, 5),
(3035, 'Question 47', 'B', 80, 5),
(3036, 'Question 48', 'C', 80, 5),
(3037, 'Question 49', 'C', 80, 5),
(3038, 'Question 50', 'B', 80, 5),
(3039, 'Question 51', 'A', 80, 5),
(3040, 'Question 52', 'D', 80, 5),
(3041, 'Question 53', 'C', 80, 5),
(3042, 'Question 54', 'D', 80, 5),
(3043, 'Question 55', 'A', 80, 5),
(3044, 'Question 56', 'C', 80, 5),
(3045, 'Question 57', 'D', 80, 5),
(3046, 'Question 58', 'B', 80, 5),
(3047, 'Question 59', 'D', 80, 5),
(3048, 'Question 60', 'D', 80, 5),
(3049, 'Question 61', 'A', 80, 5),
(3050, 'Question 62', 'C', 80, 5),
(3051, 'Question 63', 'D', 80, 5),
(3052, 'Question 64', 'Multiples', 80, 5),
(3053, 'Question 65', 'A', 80, 5),
(3054, 'Question 66', 'C', 80, 5),
(3055, 'Question 67', 'D', 80, 5),
(3056, 'Question 68', 'B', 80, 5),
(3057, 'Question 69', 'D', 80, 5),
(3058, 'Question 70', 'B', 80, 5),
(3059, 'Question 71', 'D', 80, 5),
(3060, 'Question 72', 'A', 80, 5),
(3061, 'Question 73', 'B', 80, 5),
(3062, 'Question 74', 'A', 80, 5),
(3063, 'Question 75', 'Multiples', 80, 5),
(3064, 'Question 76', 'B', 80, 5),
(3065, 'Question 77', 'B', 80, 5),
(3066, 'Question 78', 'D', 80, 5),
(3067, 'Question 79', 'A', 80, 5),
(3068, 'Question 80', 'B', 80, 5),
(3069, 'Question 81', 'D', 80, 5),
(3070, 'Question 82', 'B', 80, 5),
(3071, 'Question 83', 'D', 80, 5),
(3072, 'Question 84', 'C', 80, 5),
(3073, 'Question 85', 'B', 80, 5),
(3074, 'Question 86', 'A', 80, 5),
(3075, 'Question 87', 'C', 80, 5),
(3076, 'Question 88', 'A', 80, 5),
(3077, 'Question 89', 'C', 80, 5),
(3078, 'Question 90', 'B', 80, 5),
(3079, 'Question 91', 'C', 80, 5),
(3080, 'Question 92', 'C', 80, 5),
(3081, 'Question 93', 'D', 80, 5),
(3082, 'Question 94', 'C', 80, 5),
(3083, 'Question 95', 'B', 80, 5),
(3084, 'Question 96', 'Multiples', 80, 5),
(3085, 'Question 97', 'A', 80, 5),
(3086, 'Question 98', 'A', 80, 5),
(3087, 'Question 99', 'D', 80, 5),
(3088, 'Question 100', 'Multiples', 80, 5),
(3089, 'Question 101', 'C', 80, 5),
(3090, 'Question 102', 'Multiples', 80, 5),
(3091, 'Question 103', 'C', 80, 5),
(3092, 'Question 104', 'A', 80, 5),
(3093, 'Question 105', 'D', 80, 5),
(3094, 'Question 106', 'B', 80, 5),
(3095, 'Question 107', 'D', 80, 5),
(3096, 'Question 108', 'B', 80, 5),
(3097, 'Question 109', 'C', 80, 5),
(3098, 'Question 110', 'D', 80, 5),
(3099, 'Question 111', 'D', 80, 5),
(3100, 'Question 112', 'D', 80, 5),
(3101, 'Question 113', 'B', 80, 5),
(3102, 'Question 114', 'A', 80, 5),
(3103, 'Question 115', 'C', 80, 5),
(3104, 'Question 116', 'D', 80, 5),
(3105, 'Question 117', 'C', 80, 5),
(3106, 'Question 118', 'B', 80, 5),
(3107, 'Question 119', 'D', 80, 5),
(3108, 'Question 120', 'D', 80, 5),
(3109, 'Question 121', 'C', 80, 5),
(3110, 'Question 122', 'D', 80, 5),
(3111, 'Question 123', 'Multiples', 80, 5),
(3112, 'Question 124', 'B', 80, 5),
(3113, 'Question 125', 'D', 80, 5),
(3114, 'Question 126', 'B', 80, 5),
(3115, 'Question 127', 'D', 80, 5),
(3116, 'Question 128', 'B', 80, 5),
(3117, 'Question 129', 'D', 80, 5),
(3118, 'Question 130', 'C', 80, 5),
(3119, 'Question 131', 'A', 80, 5),
(3120, 'Question 132', 'A', 80, 5),
(3121, 'Question 133', 'D', 80, 5),
(3122, 'Question 134', 'C', 80, 5),
(3123, 'Question 135', 'A', 80, 5),
(3124, 'Question 136', 'D', 80, 5),
(3125, 'Question 137', 'B', 80, 5),
(3126, 'Question 138', 'C', 80, 5),
(3127, 'Question 139', 'B', 80, 5),
(3128, 'Question 140', 'D', 80, 5),
(3129, 'Question 141', 'D', 80, 5),
(3130, 'Question 142', 'B', 80, 5),
(3131, 'Question 143', 'C', 80, 5),
(3132, 'Question 144', 'D', 80, 5),
(3133, 'Question 145', 'B', 80, 5),
(3134, 'Question 146', 'B', 80, 5),
(3135, 'Question 147', 'B', 80, 5),
(3136, 'Question 148', 'D', 80, 5),
(3137, 'Question 149', 'C', 80, 5),
(3138, 'Question 150', 'C', 80, 5),
(3139, 'Question 151', 'C', 80, 5),
(3140, 'Question 152', 'D', 80, 5),
(3141, 'Question 153', 'C', 80, 5),
(3142, 'Question 154', 'B', 80, 5),
(3143, 'Question 155', 'Multiples', 80, 5),
(3144, 'Question 156', 'D', 80, 5),
(3145, 'Question 157', 'D', 80, 5),
(3146, 'Question 158', 'A', 80, 5),
(3147, 'Question 159', 'D', 80, 5),
(3148, 'Question 160', 'B', 80, 5),
(3149, 'Question 161', 'C', 80, 5),
(3150, 'Question 162', 'B', 80, 5),
(3151, 'Question 163', 'D', 80, 5),
(3152, 'Question 164', 'B', 80, 5),
(3153, 'Question 165', 'Multiples', 80, 5),
(3154, 'Question 166', 'D', 80, 5),
(3155, 'Question 167', 'A', 80, 5),
(3156, 'Question 168', 'B', 80, 5),
(3157, 'Question 169', 'C', 80, 5),
(3158, 'Question 170', 'C', 80, 5),
(3159, 'Question 171', 'D', 80, 5),
(3160, 'Question 172', 'B', 80, 5),
(3161, 'Question 173', 'B', 80, 5),
(3162, 'Question 174', 'Multiples', 80, 5),
(3163, 'Question 175', 'A', 80, 5),
(3164, 'Question 176', 'D', 80, 5),
(3165, 'Question 177', 'B', 80, 5),
(3166, 'Question 178', 'B', 80, 5),
(3167, 'Question 179', 'B', 80, 5),
(3168, 'Question 180', 'D', 80, 5),
(3169, 'Question 181', 'C', 80, 5),
(3170, 'Question 182', 'B', 80, 5),
(3171, 'Question 183', 'A', 80, 5),
(3172, 'Question 184', 'C', 80, 5),
(3173, 'Question 185', 'Multiples', 80, 5),
(3174, 'Question 186', 'D', 80, 5),
(3175, 'Question 187', 'C', 80, 5),
(3176, 'Question 188', 'D', 80, 5),
(3177, 'Question 189', 'A', 80, 5),
(3178, 'Question 190', 'B', 80, 5),
(3179, 'Question 191', 'B', 80, 5),
(3180, 'Question 192', 'D', 80, 5),
(3181, 'Question 193', 'C', 80, 5),
(3182, 'Question 194', 'B', 80, 5),
(3183, 'Question 195', 'D', 80, 5),
(3184, 'Question 196', 'A', 80, 5),
(3185, 'Question 197', 'A', 80, 5),
(3186, 'Question 198', 'B', 80, 5),
(3187, 'Question 199', 'C', 80, 5),
(3188, 'Question 200', 'C', 80, 5);

-- --------------------------------------------------------

--
-- Structure de la table `reponse_prof`
--

CREATE TABLE `reponse_prof` (
  `id` int(11) NOT NULL,
  `num_question` varchar(50) NOT NULL,
  `choix` varchar(2) NOT NULL,
  `test_id` int(11) NOT NULL
) ENGINE=InnoDB DEFAULT CHARSET=utf8mb4 COLLATE=utf8mb4_general_ci;

--
-- Déchargement des données de la table `reponse_prof`
--

INSERT INTO `reponse_prof` (`id`, `num_question`, `choix`, `test_id`) VALUES
(201, '1', 'B', 2),
(202, '2', 'A', 2),
(203, '3', 'A', 2),
(204, '4', 'A', 2),
(205, '5', 'A', 2),
(206, '6', 'A', 2),
(207, '7', 'A', 2),
(208, '8', 'A', 2),
(209, '9', 'C', 2),
(210, '10', 'A', 2),
(211, '11', 'A', 2),
(212, '12', 'A', 2),
(213, '13', 'A', 2),
(214, '14', 'A', 2),
(215, '15', 'A', 2),
(216, '16', 'A', 2),
(217, '17', 'A', 2),
(218, '18', 'A', 2),
(219, '19', 'A', 2),
(220, '20', 'A', 2),
(221, '21', 'A', 2),
(222, '22', 'A', 2),
(223, '23', 'A', 2),
(224, '24', 'A', 2),
(225, '25', 'A', 2),
(226, '26', 'A', 2),
(227, '27', 'A', 2),
(228, '28', 'A', 2),
(229, '29', 'A', 2),
(230, '30', 'A', 2),
(231, '31', 'A', 2),
(232, '32', 'A', 2),
(233, '33', 'A', 2),
(234, '34', 'A', 2),
(235, '35', 'A', 2),
(236, '36', 'A', 2),
(237, '37', 'A', 2),
(238, '38', 'A', 2),
(239, '39', 'A', 2),
(240, '40', 'A', 2),
(241, '41', 'A', 2),
(242, '42', 'A', 2),
(243, '43', 'A', 2),
(244, '44', 'A', 2),
(245, '45', 'A', 2),
(246, '46', 'A', 2),
(247, '47', 'A', 2),
(248, '48', 'A', 2),
(249, '49', 'A', 2),
(250, '50', 'A', 2),
(251, '51', 'A', 2),
(252, '52', 'A', 2),
(253, '53', 'A', 2),
(254, '54', 'A', 2),
(255, '55', 'A', 2),
(256, '56', 'A', 2),
(257, '57', 'A', 2),
(258, '58', 'A', 2),
(259, '59', 'A', 2),
(260, '60', 'A', 2),
(261, '61', 'A', 2),
(262, '62', 'A', 2),
(263, '63', 'A', 2),
(264, '64', 'A', 2),
(265, '65', 'A', 2),
(266, '66', 'A', 2),
(267, '67', 'A', 2),
(268, '68', 'A', 2),
(269, '69', 'A', 2),
(270, '70', 'A', 2),
(271, '71', 'A', 2),
(272, '72', 'A', 2),
(273, '73', 'A', 2),
(274, '74', 'A', 2),
(275, '75', 'A', 2),
(276, '76', 'A', 2),
(277, '77', 'A', 2),
(278, '78', 'A', 2),
(279, '79', 'A', 2),
(280, '80', 'A', 2),
(281, '81', 'A', 2),
(282, '82', 'A', 2),
(283, '83', 'A', 2),
(284, '84', 'A', 2),
(285, '85', 'A', 2),
(286, '86', 'A', 2),
(287, '87', 'A', 2),
(288, '88', 'A', 2),
(289, '89', 'A', 2),
(290, '90', 'A', 2),
(291, '91', 'A', 2),
(292, '92', 'A', 2),
(293, '93', 'A', 2),
(294, '94', 'A', 2),
(295, '95', 'A', 2),
(296, '96', 'A', 2),
(297, '97', 'A', 2),
(298, '98', 'A', 2),
(299, '99', 'A', 2),
(300, '100', 'A', 2),
(301, '101', 'A', 2),
(302, '102', 'A', 2),
(303, '103', 'A', 2),
(304, '104', 'A', 2),
(305, '105', 'A', 2),
(306, '106', 'A', 2),
(307, '107', 'A', 2),
(308, '108', 'A', 2),
(309, '109', 'A', 2),
(310, '110', 'A', 2),
(311, '111', 'A', 2),
(312, '112', 'A', 2),
(313, '113', 'A', 2),
(314, '114', 'A', 2),
(315, '115', 'A', 2),
(316, '116', 'A', 2),
(317, '117', 'A', 2),
(318, '118', 'A', 2),
(319, '119', 'A', 2),
(320, '120', 'A', 2),
(321, '121', 'A', 2),
(322, '122', 'A', 2),
(323, '123', 'A', 2),
(324, '124', 'A', 2),
(325, '125', 'A', 2),
(326, '126', 'A', 2),
(327, '127', 'A', 2),
(328, '128', 'A', 2),
(329, '129', 'A', 2),
(330, '130', 'A', 2),
(331, '131', 'A', 2),
(332, '132', 'A', 2),
(333, '133', 'A', 2),
(334, '134', 'A', 2),
(335, '135', 'A', 2),
(336, '136', 'A', 2),
(337, '137', 'A', 2),
(338, '138', 'A', 2),
(339, '139', 'A', 2),
(340, '140', 'A', 2),
(341, '141', 'A', 2),
(342, '142', 'A', 2),
(343, '143', 'A', 2),
(344, '144', 'A', 2),
(345, '145', 'A', 2),
(346, '146', 'A', 2),
(347, '147', 'A', 2),
(348, '148', 'A', 2),
(349, '149', 'A', 2),
(350, '150', 'A', 2),
(351, '151', 'A', 2),
(352, '152', 'A', 2),
(353, '153', 'A', 2),
(354, '154', 'A', 2),
(355, '155', 'A', 2),
(356, '156', 'A', 2),
(357, '157', 'A', 2),
(358, '158', 'A', 2),
(359, '159', 'A', 2),
(360, '160', 'A', 2),
(361, '161', 'A', 2),
(362, '162', 'A', 2),
(363, '163', 'A', 2),
(364, '164', 'A', 2),
(365, '165', 'A', 2),
(366, '166', 'A', 2),
(367, '167', 'A', 2),
(368, '168', 'A', 2),
(369, '169', 'A', 2),
(370, '170', 'A', 2),
(371, '171', 'A', 2),
(372, '172', 'A', 2),
(373, '173', 'A', 2),
(374, '174', 'A', 2),
(375, '175', 'A', 2),
(376, '176', 'A', 2),
(377, '177', 'A', 2),
(378, '178', 'A', 2),
(379, '179', 'A', 2),
(380, '180', 'A', 2),
(381, '181', 'A', 2),
(382, '182', 'A', 2),
(383, '183', 'A', 2),
(384, '184', 'A', 2),
(385, '185', 'A', 2),
(386, '186', 'A', 2),
(387, '187', 'A', 2),
(388, '188', 'A', 2),
(389, '189', 'A', 2),
(390, '190', 'A', 2),
(391, '191', 'A', 2),
(392, '192', 'A', 2),
(393, '193', 'A', 2),
(394, '194', 'A', 2),
(395, '195', 'A', 2),
(396, '196', 'A', 2),
(397, '197', 'A', 2),
(398, '198', 'A', 2),
(399, '199', 'A', 2),
(400, '200', 'A', 2),
(401, '1', 'A', 3),
(402, '2', 'A', 3),
(403, '3', 'A', 3),
(404, '4', 'A', 3),
(405, '5', 'A', 3),
(406, '6', 'A', 3),
(407, '7', 'A', 3),
(408, '8', 'A', 3),
(409, '9', 'A', 3),
(410, '10', 'A', 3),
(411, '11', 'A', 3),
(412, '12', 'A', 3),
(413, '13', 'A', 3),
(414, '14', 'A', 3),
(415, '15', 'A', 3),
(416, '16', 'A', 3),
(417, '17', 'A', 3),
(418, '18', 'A', 3),
(419, '19', 'A', 3),
(420, '20', 'A', 3),
(421, '21', 'A', 3),
(422, '22', 'A', 3),
(423, '23', 'A', 3),
(424, '24', 'A', 3),
(425, '25', 'A', 3),
(426, '26', 'A', 3),
(427, '27', 'A', 3),
(428, '28', 'A', 3),
(429, '29', 'A', 3),
(430, '30', 'A', 3),
(431, '31', 'A', 3),
(432, '32', 'A', 3),
(433, '33', 'A', 3),
(434, '34', 'A', 3),
(435, '35', 'A', 3),
(436, '36', 'A', 3),
(437, '37', 'A', 3),
(438, '38', 'A', 3),
(439, '39', 'A', 3),
(440, '40', 'A', 3),
(441, '41', 'A', 3),
(442, '42', 'A', 3),
(443, '43', 'A', 3),
(444, '44', 'A', 3),
(445, '45', 'A', 3),
(446, '46', 'A', 3),
(447, '47', 'A', 3),
(448, '48', 'A', 3),
(449, '49', 'A', 3),
(450, '50', 'A', 3),
(451, '51', 'A', 3),
(452, '52', 'A', 3),
(453, '53', 'A', 3),
(454, '54', 'A', 3),
(455, '55', 'A', 3),
(456, '56', 'A', 3),
(457, '57', 'A', 3),
(458, '58', 'A', 3),
(459, '59', 'A', 3),
(460, '60', 'A', 3),
(461, '61', 'A', 3),
(462, '62', 'A', 3),
(463, '63', 'A', 3),
(464, '64', 'A', 3),
(465, '65', 'A', 3),
(466, '66', 'A', 3),
(467, '67', 'A', 3),
(468, '68', 'A', 3),
(469, '69', 'A', 3),
(470, '70', 'A', 3),
(471, '71', 'A', 3),
(472, '72', 'A', 3),
(473, '73', 'A', 3),
(474, '74', 'A', 3),
(475, '75', 'A', 3),
(476, '76', 'A', 3),
(477, '77', 'A', 3),
(478, '78', 'A', 3),
(479, '79', 'A', 3),
(480, '80', 'A', 3),
(481, '81', 'A', 3),
(482, '82', 'A', 3),
(483, '83', 'A', 3),
(484, '84', 'A', 3),
(485, '85', 'A', 3),
(486, '86', 'A', 3),
(487, '87', 'A', 3),
(488, '88', 'A', 3),
(489, '89', 'A', 3),
(490, '90', 'A', 3),
(491, '91', 'A', 3),
(492, '92', 'A', 3),
(493, '93', 'A', 3),
(494, '94', 'A', 3),
(495, '95', 'A', 3),
(496, '96', 'A', 3),
(497, '97', 'A', 3),
(498, '98', 'A', 3),
(499, '99', 'A', 3),
(500, '100', 'A', 3),
(501, '101', 'A', 3),
(502, '102', 'A', 3),
(503, '103', 'A', 3),
(504, '104', 'A', 3),
(505, '105', 'A', 3),
(506, '106', 'A', 3),
(507, '107', 'A', 3),
(508, '108', 'A', 3),
(509, '109', 'A', 3),
(510, '110', 'A', 3),
(511, '111', 'A', 3),
(512, '112', 'A', 3),
(513, '113', 'A', 3),
(514, '114', 'A', 3),
(515, '115', 'A', 3),
(516, '116', 'A', 3),
(517, '117', 'A', 3),
(518, '118', 'A', 3),
(519, '119', 'A', 3),
(520, '120', 'A', 3),
(521, '121', 'A', 3),
(522, '122', 'A', 3),
(523, '123', 'A', 3),
(524, '124', 'A', 3),
(525, '125', 'A', 3),
(526, '126', 'A', 3),
(527, '127', 'A', 3),
(528, '128', 'A', 3),
(529, '129', 'A', 3),
(530, '130', 'A', 3),
(531, '131', 'A', 3),
(532, '132', 'A', 3),
(533, '133', 'A', 3),
(534, '134', 'A', 3),
(535, '135', 'A', 3),
(536, '136', 'A', 3),
(537, '137', 'A', 3),
(538, '138', 'A', 3),
(539, '139', 'A', 3),
(540, '140', 'A', 3),
(541, '141', 'A', 3),
(542, '142', 'A', 3),
(543, '143', 'A', 3),
(544, '144', 'A', 3),
(545, '145', 'A', 3),
(546, '146', 'A', 3),
(547, '147', 'A', 3),
(548, '148', 'A', 3),
(549, '149', 'A', 3),
(550, '150', 'A', 3),
(551, '151', 'A', 3),
(552, '152', 'A', 3),
(553, '153', 'A', 3),
(554, '154', 'A', 3),
(555, '155', 'A', 3),
(556, '156', 'A', 3),
(557, '157', 'A', 3),
(558, '158', 'A', 3),
(559, '159', 'A', 3),
(560, '160', 'A', 3),
(561, '161', 'A', 3),
(562, '162', 'A', 3),
(563, '163', 'A', 3),
(564, '164', 'A', 3),
(565, '165', 'A', 3),
(566, '166', 'A', 3),
(567, '167', 'A', 3),
(568, '168', 'A', 3),
(569, '169', 'A', 3),
(570, '170', 'A', 3),
(571, '171', 'A', 3),
(572, '172', 'A', 3),
(573, '173', 'A', 3),
(574, '174', 'A', 3),
(575, '175', 'A', 3),
(576, '176', 'A', 3),
(577, '177', 'A', 3),
(578, '178', 'A', 3),
(579, '179', 'A', 3),
(580, '180', 'A', 3),
(581, '181', 'A', 3),
(582, '182', 'A', 3),
(583, '183', 'A', 3),
(584, '184', 'A', 3),
(585, '185', 'A', 3),
(586, '186', 'A', 3),
(587, '187', 'A', 3),
(588, '188', 'A', 3),
(589, '189', 'A', 3),
(590, '190', 'A', 3),
(591, '191', 'A', 3),
(592, '192', 'A', 3),
(593, '193', 'A', 3),
(594, '194', 'A', 3),
(595, '195', 'A', 3),
(596, '196', 'A', 3),
(597, '197', 'A', 3),
(598, '198', 'A', 3),
(599, '199', 'A', 3),
(600, '200', 'A', 3),
(801, '1', 'B', 5),
(802, '2', 'C', 5),
(803, '3', 'D', 5),
(804, '4', 'D', 5),
(805, '5', 'B', 5),
(806, '6', 'A', 5),
(807, '7', 'B', 5),
(808, '8', 'A', 5),
(809, '9', 'C', 5),
(810, '10', 'B', 5),
(811, '11', 'A', 5),
(812, '12', 'B', 5),
(813, '13', 'C', 5),
(814, '14', 'A', 5),
(815, '15', 'A', 5),
(816, '16', 'A', 5),
(817, '17', 'C', 5),
(818, '18', 'B', 5),
(819, '19', 'C', 5),
(820, '20', 'A', 5),
(821, '21', 'C', 5),
(822, '22', 'B', 5),
(823, '23', 'C', 5),
(824, '24', 'B', 5),
(825, '25', 'B', 5),
(826, '26', 'A', 5),
(827, '27', 'A', 5),
(828, '28', 'C', 5),
(829, '29', 'B', 5),
(830, '30', 'C', 5),
(831, '31', 'A', 5),
(832, '32', 'D', 5),
(833, '33', 'C', 5),
(834, '34', 'A', 5),
(835, '35', 'D', 5),
(836, '36', 'B', 5),
(837, '37', 'C', 5),
(838, '38', 'D', 5),
(839, '39', 'A', 5),
(840, '40', 'A', 5),
(841, '41', 'C', 5),
(842, '42', 'A', 5),
(843, '43', 'B', 5),
(844, '44', 'B', 5),
(845, '45', 'D', 5),
(846, '46', 'A', 5),
(847, '47', 'B', 5),
(848, '48', 'C', 5),
(849, '49', 'C', 5),
(850, '50', 'B', 5),
(851, '51', 'A', 5),
(852, '52', 'D', 5),
(853, '53', 'C', 5),
(854, '54', 'D', 5),
(855, '55', 'B', 5),
(856, '56', 'C', 5),
(857, '57', 'D', 5),
(858, '58', 'B', 5),
(859, '59', 'D', 5),
(860, '60', 'D', 5),
(861, '61', 'A', 5),
(862, '62', 'C', 5),
(863, '63', 'D', 5),
(864, '64', 'B', 5),
(865, '65', 'A', 5),
(866, '66', 'C', 5),
(867, '67', 'D', 5),
(868, '68', 'B', 5),
(869, '69', 'A', 5),
(870, '70', 'B', 5),
(871, '71', 'D', 5),
(872, '72', 'A', 5),
(873, '73', 'B', 5),
(874, '74', 'A', 5),
(875, '75', 'C', 5),
(876, '76', 'B', 5),
(877, '77', 'B', 5),
(878, '78', 'D', 5),
(879, '79', 'A', 5),
(880, '80', 'B', 5),
(881, '81', 'D', 5),
(882, '82', 'B', 5),
(883, '83', 'D', 5),
(884, '84', 'C', 5),
(885, '85', 'B', 5),
(886, '86', 'A', 5),
(887, '87', 'C', 5),
(888, '88', 'A', 5),
(889, '89', 'C', 5),
(890, '90', 'B', 5),
(891, '91', 'C', 5),
(892, '92', 'C', 5),
(893, '93', 'D', 5),
(894, '94', 'B', 5),
(895, '95', 'B', 5),
(896, '96', 'D', 5),
(897, '97', 'A', 5),
(898, '98', 'A', 5),
(899, '99', 'D', 5),
(900, '100', 'D', 5),
(901, '101', 'C', 5),
(902, '102', 'D', 5),
(903, '103', 'C', 5),
(904, '104', 'A', 5),
(905, '105', 'D', 5),
(906, '106', 'B', 5),
(907, '107', 'D', 5),
(908, '108', 'D', 5),
(909, '109', 'C', 5),
(910, '110', 'D', 5),
(911, '111', 'D', 5),
(912, '112', 'D', 5),
(913, '113', 'B', 5),
(914, '114', 'A', 5),
(915, '115', 'C', 5),
(916, '116', 'D', 5),
(917, '117', 'C', 5),
(918, '118', 'B', 5),
(919, '119', 'D', 5),
(920, '120', 'D', 5),
(921, '121', 'C', 5),
(922, '122', 'D', 5),
(923, '123', 'D', 5),
(924, '124', 'A', 5),
(925, '125', 'D', 5),
(926, '126', 'B', 5),
(927, '127', 'D', 5),
(928, '128', 'B', 5),
(929, '129', 'D', 5),
(930, '130', 'C', 5),
(931, '131', 'A', 5),
(932, '132', 'A', 5),
(933, '133', 'D', 5),
(934, '134', 'C', 5),
(935, '135', 'A', 5),
(936, '136', 'D', 5),
(937, '137', 'B', 5),
(938, '138', 'C', 5),
(939, '139', 'B', 5),
(940, '140', 'D', 5),
(941, '141', 'D', 5),
(942, '142', 'B', 5),
(943, '143', 'C', 5),
(944, '144', 'D', 5),
(945, '145', 'B', 5),
(946, '146', 'B', 5),
(947, '147', 'B', 5),
(948, '148', 'D', 5),
(949, '149', 'C', 5),
(950, '150', 'C', 5),
(951, '151', 'C', 5),
(952, '152', 'D', 5),
(953, '153', 'C', 5),
(954, '154', 'B', 5),
(955, '155', 'B', 5),
(956, '156', 'D', 5),
(957, '157', 'D', 5),
(958, '158', 'A', 5),
(959, '159', 'D', 5),
(960, '160', 'B', 5),
(961, '161', 'C', 5),
(962, '162', 'B', 5),
(963, '163', 'D', 5),
(964, '164', 'B', 5),
(965, '165', 'A', 5),
(966, '166', 'D', 5),
(967, '167', 'B', 5),
(968, '168', 'B', 5),
(969, '169', 'C', 5),
(970, '170', 'C', 5),
(971, '171', 'D', 5),
(972, '172', 'B', 5),
(973, '173', 'B', 5),
(974, '174', 'D', 5),
(975, '175', 'A', 5),
(976, '176', 'D', 5),
(977, '177', 'B', 5),
(978, '178', 'B', 5),
(979, '179', 'B', 5),
(980, '180', 'D', 5),
(981, '181', 'C', 5),
(982, '182', 'B', 5),
(983, '183', 'A', 5),
(984, '184', 'B', 5),
(985, '185', 'C', 5),
(986, '186', 'D', 5),
(987, '187', 'C', 5),
(988, '188', 'D', 5),
(989, '189', 'A', 5),
(990, '190', 'B', 5),
(991, '191', 'B', 5),
(992, '192', 'D', 5),
(993, '193', 'C', 5),
(994, '194', 'B', 5),
(995, '195', 'D', 5),
(996, '196', 'A', 5),
(997, '197', 'A', 5),
(998, '198', 'B', 5),
(999, '199', 'C', 5),
(1000, '200', 'C', 5),
(1201, '1', 'A', 7),
(1202, '2', 'A', 7),
(1203, '3', 'A', 7),
(1204, '4', 'A', 7),
(1205, '5', 'A', 7),
(1206, '6', 'A', 7),
(1207, '7', 'A', 7),
(1208, '8', 'A', 7),
(1209, '9', 'A', 7),
(1210, '10', 'A', 7),
(1211, '11', 'A', 7),
(1212, '12', 'A', 7),
(1213, '13', 'A', 7),
(1214, '14', 'A', 7),
(1215, '15', 'A', 7),
(1216, '16', 'A', 7),
(1217, '17', 'A', 7),
(1218, '18', 'A', 7),
(1219, '19', 'A', 7),
(1220, '20', 'A', 7),
(1221, '21', 'A', 7),
(1222, '22', 'A', 7),
(1223, '23', 'A', 7),
(1224, '24', 'A', 7),
(1225, '25', 'A', 7),
(1226, '26', 'A', 7),
(1227, '27', 'A', 7),
(1228, '28', 'A', 7),
(1229, '29', 'A', 7),
(1230, '30', 'A', 7),
(1231, '31', 'A', 7),
(1232, '32', 'A', 7),
(1233, '33', 'A', 7),
(1234, '34', 'A', 7),
(1235, '35', 'A', 7),
(1236, '36', 'A', 7),
(1237, '37', 'A', 7),
(1238, '38', 'A', 7),
(1239, '39', 'A', 7),
(1240, '40', 'A', 7),
(1241, '41', 'A', 7),
(1242, '42', 'A', 7),
(1243, '43', 'A', 7),
(1244, '44', 'A', 7),
(1245, '45', 'A', 7),
(1246, '46', 'A', 7),
(1247, '47', 'A', 7),
(1248, '48', 'A', 7),
(1249, '49', 'A', 7),
(1250, '50', 'A', 7),
(1251, '51', 'A', 7),
(1252, '52', 'A', 7),
(1253, '53', 'A', 7),
(1254, '54', 'A', 7),
(1255, '55', 'A', 7),
(1256, '56', 'A', 7),
(1257, '57', 'A', 7),
(1258, '58', 'A', 7),
(1259, '59', 'A', 7),
(1260, '60', 'A', 7),
(1261, '61', 'A', 7),
(1262, '62', 'A', 7),
(1263, '63', 'A', 7),
(1264, '64', 'A', 7),
(1265, '65', 'A', 7),
(1266, '66', 'A', 7),
(1267, '67', 'A', 7),
(1268, '68', 'A', 7),
(1269, '69', 'A', 7),
(1270, '70', 'A', 7),
(1271, '71', 'A', 7),
(1272, '72', 'A', 7),
(1273, '73', 'A', 7),
(1274, '74', 'A', 7),
(1275, '75', 'A', 7),
(1276, '76', 'A', 7),
(1277, '77', 'A', 7),
(1278, '78', 'A', 7),
(1279, '79', 'A', 7),
(1280, '80', 'A', 7),
(1281, '81', 'A', 7),
(1282, '82', 'A', 7),
(1283, '83', 'A', 7),
(1284, '84', 'A', 7),
(1285, '85', 'A', 7),
(1286, '86', 'A', 7),
(1287, '87', 'A', 7),
(1288, '88', 'A', 7),
(1289, '89', 'A', 7),
(1290, '90', 'A', 7),
(1291, '91', 'A', 7),
(1292, '92', 'A', 7),
(1293, '93', 'A', 7),
(1294, '94', 'A', 7),
(1295, '95', 'A', 7),
(1296, '96', 'A', 7),
(1297, '97', 'A', 7),
(1298, '98', 'A', 7),
(1299, '99', 'A', 7),
(1300, '100', 'A', 7),
(1301, '101', 'A', 7),
(1302, '102', 'A', 7),
(1303, '103', 'A', 7),
(1304, '104', 'A', 7),
(1305, '105', 'A', 7),
(1306, '106', 'A', 7),
(1307, '107', 'A', 7),
(1308, '108', 'A', 7),
(1309, '109', 'A', 7),
(1310, '110', 'A', 7),
(1311, '111', 'A', 7),
(1312, '112', 'A', 7),
(1313, '113', 'A', 7),
(1314, '114', 'A', 7),
(1315, '115', 'A', 7),
(1316, '116', 'A', 7),
(1317, '117', 'A', 7),
(1318, '118', 'A', 7),
(1319, '119', 'A', 7),
(1320, '120', 'A', 7),
(1321, '121', 'A', 7),
(1322, '122', 'A', 7),
(1323, '123', 'A', 7),
(1324, '124', 'A', 7),
(1325, '125', 'A', 7),
(1326, '126', 'A', 7),
(1327, '127', 'A', 7),
(1328, '128', 'A', 7),
(1329, '129', 'A', 7),
(1330, '130', 'A', 7),
(1331, '131', 'A', 7),
(1332, '132', 'A', 7),
(1333, '133', 'A', 7),
(1334, '134', 'A', 7),
(1335, '135', 'A', 7),
(1336, '136', 'A', 7),
(1337, '137', 'A', 7),
(1338, '138', 'A', 7),
(1339, '139', 'A', 7),
(1340, '140', 'A', 7),
(1341, '141', 'A', 7),
(1342, '142', 'A', 7),
(1343, '143', 'A', 7),
(1344, '144', 'A', 7),
(1345, '145', 'A', 7),
(1346, '146', 'A', 7),
(1347, '147', 'A', 7),
(1348, '148', 'A', 7),
(1349, '149', 'A', 7),
(1350, '150', 'A', 7),
(1351, '151', 'A', 7),
(1352, '152', 'A', 7),
(1353, '153', 'A', 7),
(1354, '154', 'A', 7),
(1355, '155', 'A', 7),
(1356, '156', 'A', 7),
(1357, '157', 'A', 7),
(1358, '158', 'A', 7),
(1359, '159', 'A', 7),
(1360, '160', 'A', 7),
(1361, '161', 'A', 7),
(1362, '162', 'A', 7),
(1363, '163', 'A', 7),
(1364, '164', 'A', 7),
(1365, '165', 'A', 7),
(1366, '166', 'A', 7),
(1367, '167', 'A', 7),
(1368, '168', 'A', 7),
(1369, '169', 'A', 7),
(1370, '170', 'A', 7),
(1371, '171', 'A', 7),
(1372, '172', 'A', 7),
(1373, '173', 'A', 7),
(1374, '174', 'A', 7),
(1375, '175', 'A', 7),
(1376, '176', 'A', 7),
(1377, '177', 'A', 7),
(1378, '178', 'A', 7),
(1379, '179', 'A', 7),
(1380, '180', 'A', 7),
(1381, '181', 'A', 7),
(1382, '182', 'A', 7),
(1383, '183', 'A', 7),
(1384, '184', 'A', 7),
(1385, '185', 'A', 7),
(1386, '186', 'A', 7),
(1387, '187', 'A', 7),
(1388, '188', 'A', 7),
(1389, '189', 'A', 7),
(1390, '190', 'A', 7),
(1391, '191', 'A', 7),
(1392, '192', 'A', 7),
(1393, '193', 'A', 7),
(1394, '194', 'A', 7),
(1395, '195', 'A', 7),
(1396, '196', 'A', 7),
(1397, '197', 'A', 7),
(1398, '198', 'A', 7),
(1399, '199', 'A', 7),
(1400, '200', 'A', 7);

-- --------------------------------------------------------

--
-- Structure de la table `score`
--

CREATE TABLE `score` (
  `id` int(11) NOT NULL,
  `h2_oral` float NOT NULL,
  `note_oral` float NOT NULL,
  `score_oral` float NOT NULL,
  `h2_ecrit` float NOT NULL,
  `note_ecrit` float NOT NULL,
  `score_ecrit` float NOT NULL,
  `score_total_toeic` float NOT NULL,
  `note_cc` float NOT NULL,
  `note_ecue_toeic` float NOT NULL,
  `etudiant_id` int(11) NOT NULL,
  `test_id` int(11) NOT NULL
) ENGINE=InnoDB DEFAULT CHARSET=utf8mb4 COLLATE=utf8mb4_general_ci;

--
-- Déchargement des données de la table `score`
--

INSERT INTO `score` (`id`, `h2_oral`, `note_oral`, `score_oral`, `h2_ecrit`, `note_ecrit`, `score_ecrit`, `score_total_toeic`, `note_cc`, `note_ecue_toeic`, `etudiant_id`, `test_id`) VALUES
(3, 0, 0, 0, 0, 0, 0, 0, 0, 0, 65, 5),
(4, 0, 0, 0, 0, 0, 0, 0, 0, 0, 66, 5),
(5, 0, 0, 0, 0, 0, 0, 0, 0, 0, 67, 5),
(6, 0, 0, 0, 0, 0, 0, 0, 0, 0, 68, 5),
(7, 0, 0, 0, 0, 0, 0, 0, 0, 0, 69, 5),
(8, 0, 0, 0, 0, 0, 0, 0, 0, 0, 70, 5),
(9, 0, 0, 0, 0, 0, 0, 0, 0, 0, 71, 5),
(10, 0, 0, 0, 0, 0, 0, 0, 0, 0, 72, 5),
(11, 0, 0, 0, 0, 0, 0, 0, 0, 0, 73, 5),
(12, 0, 0, 0, 0, 0, 0, 0, 0, 0, 74, 5),
(13, 0, 0, 0, 0, 0, 0, 0, 0, 0, 75, 5),
(14, 0, 0, 0, 0, 0, 0, 0, 0, 0, 76, 5),
(15, 0, 0, 5, 0, 0, 5, 0, 0, 0, 77, 5),
(16, 0, 0, 0, 0, 0, 0, 0, 0, 0, 78, 5),
(17, 0, 0, 0, 0, 0, 0, 0, 0, 0, 79, 5),
(18, 0, 0, 5, 0, 0, 5, 0, 0, 0, 80, 5),
(19, 0, 0, 0, 0, 0, 0, 0, 0, 0, 81, 5),
(20, 0, 0, 0, 0, 0, 0, 0, 0, 0, 82, 5),
(21, 0, 0, 0, 0, 0, 0, 0, 0, 0, 83, 5),
(22, 0, 0, 0, 0, 0, 0, 0, 0, 0, 84, 5),
(23, 0, 0, 0, 0, 0, 0, 0, 0, 0, 85, 5),
(24, 83, 12.8, 410, 69, 9.2, 341, 530, 10.71, 9.89, 86, 5),
(25, 0, 0, 0, 0, 0, 0, 0, 0, 0, 87, 5),
(26, 0, 0, 0, 0, 0, 0, 0, 0, 0, 88, 5),
(27, 0, 0, 0, 0, 0, 0, 0, 0, 0, 89, 5),
(28, 0, 0, 0, 0, 0, 0, 0, 0, 0, 90, 5),
(29, 0, 0, 0, 0, 0, 0, 0, 0, 0, 91, 5);

-- --------------------------------------------------------

--
-- Structure de la table `semestre`
--

CREATE TABLE `semestre` (
  `id` int(11) NOT NULL,
  `nom` varchar(50) NOT NULL,
  `promotion_id` int(11) NOT NULL,
  `site_id` int(11) NOT NULL
) ENGINE=InnoDB DEFAULT CHARSET=utf8mb4 COLLATE=utf8mb4_general_ci;

--
-- Déchargement des données de la table `semestre`
--

INSERT INTO `semestre` (`id`, `nom`, `promotion_id`, `site_id`) VALUES
(1, 'S1', 1, 1),
(2, 'S2', 1, 1),
(3, 'S3', 2, 1),
(4, 'S4', 2, 1),
(5, 'S5', 3, 1),
(6, 'S6', 3, 1),
(7, 'S7', 4, 1),
(8, 'S8', 4, 1),
(9, 'S9', 5, 1),
(10, 'S10', 5, 1),
(11, 'S1', 6, 4),
(12, 'S2', 6, 4),
(13, 'S3', 7, 4),
(14, 'S4', 7, 4),
(15, 'S5', 8, 4),
(16, 'S6', 8, 4),
(17, 'S7', 9, 4),
(18, 'S8', 9, 4),
(19, 'S9', 10, 4),
(20, 'S10', 10, 4),
(21, 'S5', 14, 2),
(22, 'S6', 14, 2),
(23, 'S7', 15, 2),
(24, 'S8', 15, 2),
(25, 'S9', 16, 2),
(26, 'S10', 16, 2),
(27, 'S5', 11, 3),
(28, 'S6', 11, 3),
(31, 'S7', 12, 3),
(32, 'S8', 12, 3),
(33, 'S9', 13, 3),
(34, 'S10', 13, 3);

-- --------------------------------------------------------

--
-- Structure de la table `site`
--

CREATE TABLE `site` (
  `id` int(11) NOT NULL,
  `nom` varchar(50) NOT NULL
) ENGINE=InnoDB DEFAULT CHARSET=utf8mb4 COLLATE=utf8mb4_general_ci;

--
-- Déchargement des données de la table `site`
--

INSERT INTO `site` (`id`, `nom`) VALUES
(1, 'Calais'),
(2, 'Longuenesse'),
(3, 'Boulogne'),
(4, 'Dunkerque');

-- --------------------------------------------------------

--
-- Structure de la table `test`
--

CREATE TABLE `test` (
  `id` int(11) NOT NULL,
  `nom` varchar(100) NOT NULL,
  `date` datetime NOT NULL,
  `description` text DEFAULT NULL,
  `site_id` int(11) NOT NULL
) ENGINE=InnoDB DEFAULT CHARSET=utf8mb4 COLLATE=utf8mb4_general_ci;

--
-- Déchargement des données de la table `test`
--

INSERT INTO `test` (`id`, `nom`, `date`, `description`, `site_id`) VALUES
(2, 'test', '2003-09-15 00:00:00', 'dwaz', 1),
(3, 'test', '2025-09-15 00:00:00', 'assdza', 1),
(5, 'TOEIC 1 ', '2026-01-27 00:00:00', '', 1),
(7, 'test', '2027-09-15 00:00:00', 'ttt', 1);

-- --------------------------------------------------------

--
-- Structure de la table `tests`
--

CREATE TABLE `tests` (
  `id_test` int(11) NOT NULL,
  `titre` varchar(100) NOT NULL,
  `description` text DEFAULT NULL,
  `site` varchar(50) DEFAULT NULL,
  `date` date DEFAULT NULL
) ENGINE=InnoDB DEFAULT CHARSET=utf8mb4 COLLATE=utf8mb4_general_ci;

-- --------------------------------------------------------

--
-- Structure de la table `test_groupe`
--

CREATE TABLE `test_groupe` (
  `test_id` int(11) NOT NULL,
  `groupe_id` int(11) NOT NULL,
  `feuille_generee` tinyint(1) DEFAULT NULL
) ENGINE=InnoDB DEFAULT CHARSET=utf8mb4 COLLATE=utf8mb4_general_ci;

--
-- Déchargement des données de la table `test_groupe`
--

INSERT INTO `test_groupe` (`test_id`, `groupe_id`, `feuille_generee`) VALUES
(5, 8, 1),
(7, 6, 1);

-- --------------------------------------------------------

--
-- Structure de la table `test_promotion`
--

CREATE TABLE `test_promotion` (
  `test_id` int(11) NOT NULL,
  `promotion_id` int(11) NOT NULL
) ENGINE=InnoDB DEFAULT CHARSET=utf8mb4 COLLATE=utf8mb4_general_ci;

--
-- Déchargement des données de la table `test_promotion`
--

INSERT INTO `test_promotion` (`test_id`, `promotion_id`) VALUES
(2, 4),
(3, 4),
(5, 5),
(7, 4);

-- --------------------------------------------------------

--
-- Structure de la table `test_site`
--

CREATE TABLE `test_site` (
  `test_id` int(11) NOT NULL,
  `site_id` int(11) NOT NULL
) ENGINE=InnoDB DEFAULT CHARSET=utf8mb4 COLLATE=utf8mb4_general_ci;

--
-- Index pour les tables déchargées
--

--
-- Index pour la table `alembic_version`
--
ALTER TABLE `alembic_version`
  ADD PRIMARY KEY (`version_num`);

--
-- Index pour la table `etudiant`
--
ALTER TABLE `etudiant`
  ADD PRIMARY KEY (`id`),
  ADD KEY `groupe_id` (`groupe_id`),
  ADD KEY `promotion_id` (`promotion_id`),
  ADD KEY `semestre_id` (`semestre_id`),
  ADD KEY `site_id` (`site_id`);

--
-- Index pour la table `groupe`
--
ALTER TABLE `groupe`
  ADD PRIMARY KEY (`id`),
  ADD KEY `promotion_id` (`promotion_id`),
  ADD KEY `semestre_id` (`semestre_id`),
  ADD KEY `site_id` (`site_id`);

--
-- Index pour la table `prof`
--
ALTER TABLE `prof`
  ADD PRIMARY KEY (`id`),
  ADD UNIQUE KEY `email` (`email`);

--
-- Index pour la table `promotion`
--
ALTER TABLE `promotion`
  ADD PRIMARY KEY (`id`),
  ADD KEY `site_id` (`site_id`);

--
-- Index pour la table `reponses_justes`
--
ALTER TABLE `reponses_justes`
  ADD PRIMARY KEY (`id_reponse_juste`),
  ADD KEY `id_test` (`id_test`);

--
-- Index pour la table `reponse_etudiant`
--
ALTER TABLE `reponse_etudiant`
  ADD PRIMARY KEY (`id`),
  ADD KEY `etudiant_id` (`etudiant_id`),
  ADD KEY `test_id` (`test_id`);

--
-- Index pour la table `reponse_prof`
--
ALTER TABLE `reponse_prof`
  ADD PRIMARY KEY (`id`),
  ADD KEY `test_id` (`test_id`);

--
-- Index pour la table `score`
--
ALTER TABLE `score`
  ADD PRIMARY KEY (`id`),
  ADD KEY `etudiant_id` (`etudiant_id`),
  ADD KEY `test_id` (`test_id`);

--
-- Index pour la table `semestre`
--
ALTER TABLE `semestre`
  ADD PRIMARY KEY (`id`),
  ADD KEY `promotion_id` (`promotion_id`),
  ADD KEY `site_id` (`site_id`);

--
-- Index pour la table `site`
--
ALTER TABLE `site`
  ADD PRIMARY KEY (`id`);

--
-- Index pour la table `test`
--
ALTER TABLE `test`
  ADD PRIMARY KEY (`id`),
  ADD KEY `site_id` (`site_id`);

--
-- Index pour la table `tests`
--
ALTER TABLE `tests`
  ADD PRIMARY KEY (`id_test`);

--
-- Index pour la table `test_groupe`
--
ALTER TABLE `test_groupe`
  ADD PRIMARY KEY (`test_id`,`groupe_id`),
  ADD KEY `groupe_id` (`groupe_id`);

--
-- Index pour la table `test_promotion`
--
ALTER TABLE `test_promotion`
  ADD PRIMARY KEY (`test_id`,`promotion_id`),
  ADD KEY `promotion_id` (`promotion_id`);

--
-- Index pour la table `test_site`
--
ALTER TABLE `test_site`
  ADD PRIMARY KEY (`test_id`,`site_id`),
  ADD KEY `site_id` (`site_id`);

--
-- AUTO_INCREMENT pour les tables déchargées
--

--
-- AUTO_INCREMENT pour la table `etudiant`
--
ALTER TABLE `etudiant`
  MODIFY `id` int(11) NOT NULL AUTO_INCREMENT, AUTO_INCREMENT=92;

--
-- AUTO_INCREMENT pour la table `groupe`
--
ALTER TABLE `groupe`
  MODIFY `id` int(11) NOT NULL AUTO_INCREMENT, AUTO_INCREMENT=9;

--
-- AUTO_INCREMENT pour la table `prof`
--
ALTER TABLE `prof`
  MODIFY `id` int(11) NOT NULL AUTO_INCREMENT, AUTO_INCREMENT=2;

--
-- AUTO_INCREMENT pour la table `promotion`
--
ALTER TABLE `promotion`
  MODIFY `id` int(11) NOT NULL AUTO_INCREMENT, AUTO_INCREMENT=21;

--
-- AUTO_INCREMENT pour la table `reponses_justes`
--
ALTER TABLE `reponses_justes`
  MODIFY `id_reponse_juste` int(11) NOT NULL AUTO_INCREMENT;

--
-- AUTO_INCREMENT pour la table `reponse_etudiant`
--
ALTER TABLE `reponse_etudiant`
  MODIFY `id` int(11) NOT NULL AUTO_INCREMENT, AUTO_INCREMENT=3189;

--
-- AUTO_INCREMENT pour la table `reponse_prof`
--
ALTER TABLE `reponse_prof`
  MODIFY `id` int(11) NOT NULL AUTO_INCREMENT, AUTO_INCREMENT=1401;

--
-- AUTO_INCREMENT pour la table `score`
--
ALTER TABLE `score`
  MODIFY `id` int(11) NOT NULL AUTO_INCREMENT, AUTO_INCREMENT=30;

--
-- AUTO_INCREMENT pour la table `semestre`
--
ALTER TABLE `semestre`
  MODIFY `id` int(11) NOT NULL AUTO_INCREMENT, AUTO_INCREMENT=35;

--
-- AUTO_INCREMENT pour la table `site`
--
ALTER TABLE `site`
  MODIFY `id` int(11) NOT NULL AUTO_INCREMENT, AUTO_INCREMENT=5;

--
-- AUTO_INCREMENT pour la table `test`
--
ALTER TABLE `test`
  MODIFY `id` int(11) NOT NULL AUTO_INCREMENT, AUTO_INCREMENT=8;

--
-- AUTO_INCREMENT pour la table `tests`
--
ALTER TABLE `tests`
  MODIFY `id_test` int(11) NOT NULL AUTO_INCREMENT;

--
-- Contraintes pour les tables déchargées
--

--
-- Contraintes pour la table `etudiant`
--
ALTER TABLE `etudiant`
  ADD CONSTRAINT `etudiant_ibfk_1` FOREIGN KEY (`groupe_id`) REFERENCES `groupe` (`id`),
  ADD CONSTRAINT `etudiant_ibfk_2` FOREIGN KEY (`promotion_id`) REFERENCES `promotion` (`id`),
  ADD CONSTRAINT `etudiant_ibfk_3` FOREIGN KEY (`semestre_id`) REFERENCES `semestre` (`id`),
  ADD CONSTRAINT `etudiant_ibfk_4` FOREIGN KEY (`site_id`) REFERENCES `site` (`id`);

--
-- Contraintes pour la table `groupe`
--
ALTER TABLE `groupe`
  ADD CONSTRAINT `groupe_ibfk_1` FOREIGN KEY (`promotion_id`) REFERENCES `promotion` (`id`),
  ADD CONSTRAINT `groupe_ibfk_2` FOREIGN KEY (`semestre_id`) REFERENCES `semestre` (`id`),
  ADD CONSTRAINT `groupe_ibfk_3` FOREIGN KEY (`site_id`) REFERENCES `site` (`id`);

--
-- Contraintes pour la table `promotion`
--
ALTER TABLE `promotion`
  ADD CONSTRAINT `promotion_ibfk_1` FOREIGN KEY (`site_id`) REFERENCES `site` (`id`);

--
-- Contraintes pour la table `reponses_justes`
--
ALTER TABLE `reponses_justes`
  ADD CONSTRAINT `reponses_justes_ibfk_1` FOREIGN KEY (`id_test`) REFERENCES `tests` (`id_test`);

--
-- Contraintes pour la table `reponse_etudiant`
--
ALTER TABLE `reponse_etudiant`
  ADD CONSTRAINT `reponse_etudiant_ibfk_1` FOREIGN KEY (`etudiant_id`) REFERENCES `etudiant` (`id`),
  ADD CONSTRAINT `reponse_etudiant_ibfk_2` FOREIGN KEY (`test_id`) REFERENCES `test` (`id`);

--
-- Contraintes pour la table `reponse_prof`
--
ALTER TABLE `reponse_prof`
  ADD CONSTRAINT `reponse_prof_ibfk_1` FOREIGN KEY (`test_id`) REFERENCES `test` (`id`);

--
-- Contraintes pour la table `score`
--
ALTER TABLE `score`
  ADD CONSTRAINT `score_ibfk_1` FOREIGN KEY (`etudiant_id`) REFERENCES `etudiant` (`id`),
  ADD CONSTRAINT `score_ibfk_2` FOREIGN KEY (`test_id`) REFERENCES `test` (`id`);

--
-- Contraintes pour la table `semestre`
--
ALTER TABLE `semestre`
  ADD CONSTRAINT `semestre_ibfk_1` FOREIGN KEY (`promotion_id`) REFERENCES `promotion` (`id`),
  ADD CONSTRAINT `semestre_ibfk_2` FOREIGN KEY (`site_id`) REFERENCES `site` (`id`);

--
-- Contraintes pour la table `test`
--
ALTER TABLE `test`
  ADD CONSTRAINT `test_ibfk_1` FOREIGN KEY (`site_id`) REFERENCES `site` (`id`);

--
-- Contraintes pour la table `test_groupe`
--
ALTER TABLE `test_groupe`
  ADD CONSTRAINT `test_groupe_ibfk_1` FOREIGN KEY (`groupe_id`) REFERENCES `groupe` (`id`),
  ADD CONSTRAINT `test_groupe_ibfk_2` FOREIGN KEY (`test_id`) REFERENCES `test` (`id`);

--
-- Contraintes pour la table `test_promotion`
--
ALTER TABLE `test_promotion`
  ADD CONSTRAINT `test_promotion_ibfk_1` FOREIGN KEY (`promotion_id`) REFERENCES `promotion` (`id`),
  ADD CONSTRAINT `test_promotion_ibfk_2` FOREIGN KEY (`test_id`) REFERENCES `test` (`id`);

--
-- Contraintes pour la table `test_site`
--
ALTER TABLE `test_site`
  ADD CONSTRAINT `test_site_ibfk_1` FOREIGN KEY (`site_id`) REFERENCES `site` (`id`),
  ADD CONSTRAINT `test_site_ibfk_2` FOREIGN KEY (`test_id`) REFERENCES `test` (`id`);
COMMIT;

/*!40101 SET CHARACTER_SET_CLIENT=@OLD_CHARACTER_SET_CLIENT */;
/*!40101 SET CHARACTER_SET_RESULTS=@OLD_CHARACTER_SET_RESULTS */;
/*!40101 SET COLLATION_CONNECTION=@OLD_COLLATION_CONNECTION */;
